{"type": "FeatureCollection", "features": [{"type": "Feature", "geometry": {"type": "Polygon", "coordinates": [[[-76.96731698299999, 36.87939201000006], [-76.96731148499998, 36.879403241000034], [-76.96727331399995, 36.87939126800006], [-76.96727893199994, 36.879380526000034], [-76.96731698299999, 36.87939201000006]]]}, "properties": {"id": 1, "status": "occupied", "plot": "15", "owner": "MITCHELL", "lotsize": "10X4"}}, {"type": "Feature", "geometry": {"type": "Polygon", "coordinates": [[[-76.96728479499996, 36.87936513300008], [-76.96732348199998, 36.87937856800005], [-76.96731710399996, 36.879391815000076], [-76.96727820199999, 36.87938032900007], [-76.96728479499996, 36.87936513300008]]]}, "properties": {"id": 2, "status": "sold", "plot": "14", "owner": "OCCUPIED UNKNOWN", "lotsize": "12X10"}}, {"type": "Feature", "geometry": {"type": "Polygon", "coordinates": [[[-76.96728479499996, 36.87936513300008], [-76.96729091399999, 36.879351031000056], [-76.96733017599996, 36.879364665000026], [-76.96732348199998, 36.87937856800005], [-76.96728479499996, 36.87936513300008]]]}, "properties": {"id": 3, "status": "sold", "plot": "13", "owner": "OCCUPIED UNKNOWN", "lotsize": "12X10"}}, {"type": "Feature", "geometry": {"type": "Polygon", "coordinates": [[[-76.96744963899994, 36.87943523000007], [-76.96748737299998, 36.87944675700004], [-76.96748132199997, 36.879459706000034], [-76.96744425499998, 36.87944798400008], [-76.96744963899994, 36.87943523000007]]]}, "properties": {"id": 4, "status": "occupied", "plot": "13", "owner": "RICHARD BRANCHE", "lotsize": "11X11"}}, {"type": "Feature", "geometry": {"type": "Polygon", "coordinates": [[[-76.96744963899994, 36.87943523000007], [-76.96745502099998, 36.879422473000034], [-76.96749326199995, 36.87943415500007], [-76.96748737299998, 36.87944675700004], [-76.96744963899994, 36.87943523000007]]]}, "properties": {"id": 5, "status": "occupied", "plot": "12", "owner": "RICHARD BRANCHE", "lotsize": "11X11"}}, {"type": "Feature", "geometry": {"type": "Polygon", "coordinates": [[[-76.96743236499998, 36.879383619000066], [-76.96743735799998, 36.87937295100005], [-76.96747242199996, 36.87938354400006], [-76.96746742899995, 36.87939421200008], [-76.96743236499998, 36.879383619000066]]]}, "properties": {"id": 6, "status": "sold", "plot": "8", "owner": "BRANCHE FAMILY", "lotsize": "16X20"}}, {"type": "Feature", "geometry": {"type": "Polygon", "coordinates": [[[-76.96746727699997, 36.87939453600006], [-76.96747234599997, 36.879383705000066], [-76.96750688399999, 36.879394139000055], [-76.96750181399995, 36.87940496900006], [-76.96746727699997, 36.87939453600006]]]}, "properties": {"id": 7, "status": "occupied", "plot": "9", "owner": "BRANCHE FAMILY", "lotsize": "16X20"}}, {"type": "Feature", "geometry": {"type": "Polygon", "coordinates": [[[-76.96747234599997, 36.879383705000066], [-76.96747741399997, 36.87937287600005], [-76.96751195299998, 36.87938330900005], [-76.96750688399999, 36.879394139000055], [-76.96747234599997, 36.879383705000066]]]}, "properties": {"id": 8, "status": "sold", "plot": "8", "owner": "BRANCHE FAMILY", "lotsize": "16X20"}}, {"type": "Feature", "geometry": {"type": "Polygon", "coordinates": [[[-76.96746220899996, 36.879405365000025], [-76.96746727699997, 36.87939453600006], [-76.96750181399995, 36.87940496900006], [-76.96749674699998, 36.87941579900007], [-76.96746220899996, 36.879405365000025]]]}, "properties": {"id": 9, "status": "sold", "plot": "10", "owner": "BRANCHE FAMILY", "lotsize": "16X20"}}, {"type": "Feature", "geometry": {"type": "Polygon", "coordinates": [[[-76.96746220899996, 36.879405365000025], [-76.96749674699998, 36.87941579900007], [-76.96749152599995, 36.87942695100003], [-76.96745728999997, 36.879415874000074], [-76.96746220899996, 36.879405365000025]]]}, "properties": {"id": 10, "status": "occupied", "plot": "11", "owner": "BRANCHE FAMILY", "lotsize": "16X20"}}, {"type": "Feature", "geometry": {"type": "Polygon", "coordinates": [[[-76.96743735799998, 36.87937295100005], [-76.96744235199998, 36.879362284000024], [-76.96747741399997, 36.87937287600005], [-76.96747242199996, 36.87938354400006], [-76.96743735799998, 36.87937295100005]]]}, "properties": {"id": 11, "status": "sold", "plot": "7", "owner": "BRANCHE FAMILY", "lotsize": "16X20"}}, {"type": "Feature", "geometry": {"type": "Polygon", "coordinates": [[[-76.96742737299996, 36.879394287000025], [-76.96746243499996, 36.87940488000004], [-76.96745728999997, 36.879415874000074], [-76.96742253199994, 36.87940462800003], [-76.96742737299996, 36.879394287000025]]]}, "properties": {"id": 12, "status": "occupied", "plot": "10", "owner": "BRANCHE FAMILY", "lotsize": "16X20"}}, {"type": "Feature", "geometry": {"type": "Polygon", "coordinates": [[[-76.96742737299996, 36.879394287000025], [-76.96743236499998, 36.879383619000066], [-76.96746742899995, 36.87939421200008], [-76.96746243499996, 36.87940488000004], [-76.96742737299996, 36.879394287000025]]]}, "properties": {"id": 13, "status": "sold", "plot": "9", "owner": "BRANCHE FAMILY", "lotsize": "16X20"}}, {"type": "Feature", "geometry": {"type": "Polygon", "coordinates": [[[-76.96734291699994, 36.87924741300003], [-76.96734851999997, 36.879236107000054], [-76.96738716299996, 36.879250064000075], [-76.96738173699998, 36.879261436000036], [-76.96734291699994, 36.87924741300003]]]}, "properties": {"id": 14, "status": "occupied", "plot": "3", "owner": "FLOYD STEPHENSON", "lotsize": "12X16"}}, {"type": "Feature", "geometry": {"type": "Polygon", "coordinates": [[[-76.96734306799993, 36.87924761700003], [-76.96738188899997, 36.87926163900005], [-76.96737661999998, 36.87927268400006], [-76.96733735599997, 36.87925914600004], [-76.96734306799993, 36.87924761700003]]]}, "properties": {"id": 15, "status": "occupied", "plot": "4", "owner": "FLOYD STEPHENSON", "lotsize": "12X16"}}, {"type": "Feature", "geometry": {"type": "Polygon", "coordinates": [[[-76.96734851999997, 36.879236107000054], [-76.96735414799997, 36.87922474700008], [-76.96739261399995, 36.87923864100003], [-76.96738716299996, 36.879250064000075], [-76.96734851999997, 36.879236107000054]]]}, "properties": {"id": 16, "status": "occupied", "plot": "2", "owner": "FLOYD STEPHENSON", "lotsize": "12X16"}}, {"type": "Feature", "geometry": {"type": "Polygon", "coordinates": [[[-76.96735414799997, 36.87922474700008], [-76.96735980199998, 36.87921333500003], [-76.96739809099995, 36.87922716600008], [-76.96739261399995, 36.87923864100003], [-76.96735414799997, 36.87922474700008]]]}, "properties": {"id": 17, "status": "occupied", "plot": "1", "owner": "FLOYD STEPHENSON", "lotsize": "12X16"}}, {"type": "Feature", "geometry": {"type": "Polygon", "coordinates": [[[-76.96732713099993, 36.87927812800007], [-76.96736623499999, 36.87929180900005], [-76.96735961299999, 36.879305584000065], [-76.96732071599996, 36.87929185100006], [-76.96732713099993, 36.87927812800007]]]}, "properties": {"id": 18, "status": "occupied", "plot": "6", "owner": "PETER BOOTHE", "lotsize": "12X10"}}, {"type": "Feature", "geometry": {"type": "Polygon", "coordinates": [[[-76.96732713099993, 36.87927812800007], [-76.96733354399998, 36.87926440800004], [-76.96737280599996, 36.87927814300008], [-76.96736623499999, 36.87929180900005], [-76.96732713099993, 36.87927812800007]]]}, "properties": {"id": 19, "status": "occupied", "plot": "5", "owner": "PETER BOOTHE", "lotsize": "12X10"}}, {"type": "Feature", "geometry": {"type": "Polygon", "coordinates": [[[-76.96729567299997, 36.87934119100004], [-76.96733505899994, 36.87935505000007], [-76.96733017399998, 36.879364861000056], [-76.96729066999995, 36.87935093300007], [-76.96729567299997, 36.87934119100004]]]}, "properties": {"id": 20, "status": "occupied", "plot": "12", "owner": "ALBERT RAIFORD", "lotsize": "12X6"}}, {"type": "Feature", "geometry": {"type": "Polygon", "coordinates": [[[-76.96729567299997, 36.87934119100004], [-76.96730069599994, 36.87933141000008], [-76.96733995599999, 36.87934522100005], [-76.96733505899994, 36.87935505000007], [-76.96729567299997, 36.87934119100004]]]}, "properties": {"id": 21, "status": "sold", "plot": "11", "owner": "ALBERT RAIFORD", "lotsize": "12X6"}}, {"type": "Feature", "geometry": {"type": "Polygon", "coordinates": [[[-76.96730069599994, 36.87933141000008], [-76.96730573599996, 36.87932159300004], [-76.96734486499997, 36.879335361000074], [-76.96733995599999, 36.87934522100005], [-76.96730069599994, 36.87933141000008]]]}, "properties": {"id": 22, "status": "sold", "plot": "10", "owner": "GROVER NIBLETT", "lotsize": "12X16"}}, {"type": "Feature", "geometry": {"type": "Polygon", "coordinates": [[[-76.96730573599996, 36.87932159300004], [-76.96731079299997, 36.87931174600004], [-76.96734979299998, 36.87932546700006], [-76.96734486499997, 36.879335361000074], [-76.96730573599996, 36.87932159300004]]]}, "properties": {"id": 23, "status": "occupied", "plot": "9", "owner": "GROVER NIBLETT", "lotsize": "12X16"}}, {"type": "Feature", "geometry": {"type": "Polygon", "coordinates": [[[-76.96731586799996, 36.87930186300008], [-76.96732095799996, 36.87929194900005], [-76.96735969699995, 36.87930557800007], [-76.96735473599995, 36.87931554000005], [-76.96731586799996, 36.87930186300008]]]}, "properties": {"id": 24, "status": "occupied", "plot": "7", "owner": "GROVER NIBLETT", "lotsize": "12X16"}}, {"type": "Feature", "geometry": {"type": "Polygon", "coordinates": [[[-76.96731079299997, 36.87931174600004], [-76.96731586799996, 36.87930186300008], [-76.96735473599995, 36.87931554000005], [-76.96734979299998, 36.87932546700006], [-76.96731079299997, 36.87931174600004]]]}, "properties": {"id": 25, "status": "occupied", "plot": "8", "owner": "GROVER NIBLETT", "lotsize": "12X16"}}, {"type": "Feature", "geometry": {"type": "Polygon", "coordinates": [[[-76.96733928399993, 36.879439055000034], [-76.96737147199997, 36.879449356000066], [-76.96736610699998, 36.879460186000074], [-76.96733411099996, 36.879449495000074], [-76.96733928399993, 36.879439055000034]]]}, "properties": {"id": 26, "status": "sold", "plot": "11", "owner": "HARRY LUTER", "lotsize": "20X20"}}, {"type": "Feature", "geometry": {"type": "Polygon", "coordinates": [[[-76.96732289399995, 36.87939688300003], [-76.96732834499994, 36.879386271000044], [-76.96736035899994, 36.87939651600004], [-76.96735507399995, 36.87940718200008], [-76.96732289399995, 36.87939688300003]]]}, "properties": {"id": 27, "status": "sold", "plot": "8", "owner": "HARRY LUTER", "lotsize": "20X20"}}, {"type": "Feature", "geometry": {"type": "Polygon", "coordinates": [[[-76.96730671099994, 36.87942839300007], [-76.96733938599994, 36.87943884900005], [-76.96733411099996, 36.879449495000074], [-76.96730147399995, 36.879438589000074], [-76.96730671099994, 36.87942839300007]]]}, "properties": {"id": 28, "status": "sold", "plot": "12", "owner": "HARRY LUTER", "lotsize": "20X20"}}, {"type": "Feature", "geometry": {"type": "Polygon", "coordinates": [[[-76.96731207799996, 36.87941794200003], [-76.96731747199993, 36.87940744100007], [-76.96734981899993, 36.87941779100004], [-76.96734458899994, 36.879428346000054], [-76.96731207799996, 36.87941794200003]]]}, "properties": {"id": 29, "status": "sold", "plot": "10", "owner": "HARRY LUTER", "lotsize": "20X20"}}, {"type": "Feature", "geometry": {"type": "Polygon", "coordinates": [[[-76.96731747199993, 36.87940744100007], [-76.96732289399995, 36.87939688300003], [-76.96735507399995, 36.87940718200008], [-76.96734981899993, 36.87941779100004], [-76.96731747199993, 36.87940744100007]]]}, "properties": {"id": 30, "status": "sold", "plot": "9", "owner": "HARRY LUTER", "lotsize": "20X20"}}, {"type": "Feature", "geometry": {"type": "Polygon", "coordinates": [[[-76.96730671099994, 36.87942839300007], [-76.96731207799996, 36.87941794200003], [-76.96734458899994, 36.879428346000054], [-76.96733938599994, 36.87943884900005], [-76.96730671099994, 36.87942839300007]]]}, "properties": {"id": 31, "status": "sold", "plot": "11", "owner": "HARRY LUTER", "lotsize": "20X20"}}, {"type": "Feature", "geometry": {"type": "Polygon", "coordinates": [[[-76.96735508999996, 36.879407151000066], [-76.96736035899994, 36.87939651600004], [-76.96739254499994, 36.879406817000074], [-76.96738727599995, 36.87941745200004], [-76.96735508999996, 36.879407151000066]]]}, "properties": {"id": 32, "status": "sold", "plot": "7", "owner": "HARRY LUTER", "lotsize": "20X20"}}, {"type": "Feature", "geometry": {"type": "Polygon", "coordinates": [[[-76.96734982099997, 36.879417785000044], [-76.96735508999996, 36.879407151000066], [-76.96738727599995, 36.87941745200004], [-76.96738200799996, 36.879428086000075], [-76.96734982099997, 36.879417785000044]]]}, "properties": {"id": 33, "status": "sold", "plot": "8", "owner": "HARRY LUTER", "lotsize": "20X20"}}, {"type": "Feature", "geometry": {"type": "Polygon", "coordinates": [[[-76.96734455199999, 36.87942842000007], [-76.96734982099997, 36.879417785000044], [-76.96738200799996, 36.879428086000075], [-76.96737673999996, 36.87943872100004], [-76.96734455199999, 36.87942842000007]]]}, "properties": {"id": 34, "status": "sold", "plot": "9", "owner": "HARRY LUTER", "lotsize": "20X20"}}, {"type": "Feature", "geometry": {"type": "Polygon", "coordinates": [[[-76.96733928399993, 36.879439055000034], [-76.96734455199999, 36.87942842000007], [-76.96737673999996, 36.87943872100004], [-76.96737147199997, 36.879449356000066], [-76.96733928399993, 36.879439055000034]]]}, "properties": {"id": 35, "status": "sold", "plot": "10", "owner": "HARRY LUTER", "lotsize": "20X20"}}, {"type": "Feature", "geometry": {"type": "Polygon", "coordinates": [[[-76.96754751899994, 36.87933480100003], [-76.96758737399995, 36.879347669000026], [-76.96758003999997, 36.87936232800007], [-76.96754053299998, 36.879348840000034], [-76.96754751899994, 36.87933480100003]]]}, "properties": {"id": 36, "status": "occupied", "plot": "2", "owner": "J.M. WORRELL", "lotsize": "10X11"}}, {"type": "Feature", "geometry": {"type": "Polygon", "coordinates": [[[-76.96754751899994, 36.87933480100003], [-76.96755465699994, 36.87932045800005], [-76.96759454399995, 36.87933333600006], [-76.96758737399995, 36.879347669000026], [-76.96754751899994, 36.87933480100003]]]}, "properties": {"id": 37, "status": "occupied", "plot": "1", "owner": "J.M. WORRELL", "lotsize": "10X11"}}, {"type": "Feature", "geometry": {"type": "Polygon", "coordinates": [[[-76.96753335199998, 36.87936493800004], [-76.96757194399999, 36.87937843900005], [-76.96756476999997, 36.87939330300003], [-76.96752583399996, 36.87938042500008], [-76.96753335199998, 36.87936493800004]]]}, "properties": {"id": 38, "status": "sold", "plot": "4", "owner": "JOHN BRANCHE", "lotsize": "10X11"}}, {"type": "Feature", "geometry": {"type": "Polygon", "coordinates": [[[-76.96753335199998, 36.87936493800004], [-76.96754072099998, 36.87934975500008], [-76.96757927699997, 36.87936324300006], [-76.96757194399999, 36.87937843900005], [-76.96753335199998, 36.87936493800004]]]}, "properties": {"id": 39, "status": "sold", "plot": "3", "owner": "JOHN BRANCHE", "lotsize": "10X11"}}, {"type": "Feature", "geometry": {"type": "Polygon", "coordinates": [[[-76.96750904899994, 36.879413587000045], [-76.96751450599999, 36.87940245800007], [-76.96755400699999, 36.87941616200004], [-76.96754864399998, 36.87942732500005], [-76.96750904899994, 36.879413587000045]]]}, "properties": {"id": 40, "status": "occupied", "plot": "7", "owner": "LEONARD BOOTHE", "lotsize": "10X17"}}, {"type": "Feature", "geometry": {"type": "Polygon", "coordinates": [[[-76.96750904899994, 36.879413587000045], [-76.96754864399998, 36.87942732500005], [-76.96754358199996, 36.87943786000005], [-76.96750331399994, 36.87942528700006], [-76.96750904899994, 36.879413587000045]]]}, "properties": {"id": 41, "status": "occupied", "plot": "8", "owner": "LEONARD BOOTHE", "lotsize": "10X17"}}, {"type": "Feature", "geometry": {"type": "Polygon", "coordinates": [[[-76.96751450599999, 36.87940245800007], [-76.96751997299998, 36.879391300000066], [-76.96755938099994, 36.879404976000046], [-76.96755400699999, 36.87941616200004], [-76.96751450599999, 36.87940245800007]]]}, "properties": {"id": 42, "status": "occupied", "plot": "6", "owner": "LEONARD BOOTHE", "lotsize": "10X17"}}, {"type": "Feature", "geometry": {"type": "Polygon", "coordinates": [[[-76.96751997299998, 36.879391300000066], [-76.96752545399994, 36.879380119000075], [-76.96756476899998, 36.87939376200006], [-76.96755938099994, 36.879404976000046], [-76.96751997299998, 36.879391300000066]]]}, "properties": {"id": 43, "status": "occupied", "plot": "5", "owner": "LEONARD BOOTHE", "lotsize": "10X17"}}, {"type": "Feature", "geometry": {"type": "Polygon", "coordinates": [[[-76.96754918799996, 36.87944390400003], [-76.96755524199995, 36.87943171100005], [-76.96758791799994, 36.879442905000076], [-76.96758162599997, 36.87945502400004], [-76.96754918799996, 36.87944390400003]]]}, "properties": {"id": 44, "status": "occupied", "plot": "9", "owner": "ANDREW WARREN", "lotsize": "10X44"}}, {"type": "Feature", "geometry": {"type": "Polygon", "coordinates": [[[-76.96754918799996, 36.87944390400003], [-76.96758162599997, 36.87945502400004], [-76.96757550799998, 36.87946681300008], [-76.96754288399995, 36.87945659900004], [-76.96754918799996, 36.87944390400003]]]}, "properties": {"id": 45, "status": "occupied", "plot": "10", "owner": "ANDREW WARREN", "lotsize": "10X44"}}, {"type": "Feature", "geometry": {"type": "Polygon", "coordinates": [[[-76.96759647699997, 36.87934867000007], [-76.96760221199997, 36.87933712000006], [-76.96763669399996, 36.87934893200003], [-76.96763073799997, 36.879360407000036], [-76.96759647699997, 36.87934867000007]]]}, "properties": {"id": 46, "status": "occupied", "plot": "1", "owner": "ANDREW WARREN", "lotsize": "10X44"}}, {"type": "Feature", "geometry": {"type": "Polygon", "coordinates": [[[-76.96758489299998, 36.87937199900006], [-76.96759070399997, 36.87936029700006], [-76.96762474299999, 36.879371957000046], [-76.96761870899996, 36.87938358300005], [-76.96758489299998, 36.87937199900006]]]}, "properties": {"id": 47, "status": "sold", "plot": "3", "owner": "ANDREW WARREN", "lotsize": "10X44"}}, {"type": "Feature", "geometry": {"type": "Polygon", "coordinates": [[[-76.96756125499996, 36.87941960300003], [-76.96756722499998, 36.87940758000008], [-76.96760036099994, 36.87941893000004], [-76.96759416099997, 36.879430875000025], [-76.96756125499996, 36.87941960300003]]]}, "properties": {"id": 48, "status": "occupied", "plot": "7", "owner": "ANDREW WARREN", "lotsize": "10X44"}}, {"type": "Feature", "geometry": {"type": "Polygon", "coordinates": [[[-76.96756722499998, 36.87940758000008], [-76.96757315399998, 36.87939563800006], [-76.96760651799997, 36.879407068000035], [-76.96760036099994, 36.87941893000004], [-76.96756722499998, 36.87940758000008]]]}, "properties": {"id": 49, "status": "sold", "plot": "6", "owner": "ANDREW WARREN", "lotsize": "10X44"}}, {"type": "Feature", "geometry": {"type": "Polygon", "coordinates": [[[-76.96757904299994, 36.87938378000007], [-76.96758489299998, 36.87937199900006], [-76.96761870899996, 36.87938358300005], [-76.96761263399998, 36.87939528600003], [-76.96757904299994, 36.87938378000007]]]}, "properties": {"id": 50, "status": "sold", "plot": "4", "owner": "ANDREW WARREN", "lotsize": "10X44"}}, {"type": "Feature", "geometry": {"type": "Polygon", "coordinates": [[[-76.96757315399998, 36.87939563800006], [-76.96757904299994, 36.87938378000007], [-76.96761263399998, 36.87939528600003], [-76.96760651799997, 36.879407068000035], [-76.96757315399998, 36.87939563800006]]]}, "properties": {"id": 51, "status": "sold", "plot": "5", "owner": "ANDREW WARREN", "lotsize": "10X44"}}, {"type": "Feature", "geometry": {"type": "Polygon", "coordinates": [[[-76.96755524199995, 36.87943171100005], [-76.96756125499996, 36.87941960300003], [-76.96759416099997, 36.879430875000025], [-76.96758791799994, 36.879442905000076], [-76.96755524199995, 36.87943171100005]]]}, "properties": {"id": 52, "status": "occupied", "plot": "8", "owner": "ANDREW WARREN", "lotsize": "10X44"}}, {"type": "Feature", "geometry": {"type": "Polygon", "coordinates": [[[-76.96759070399997, 36.87936029700006], [-76.96759647699997, 36.87934867000007], [-76.96763073799997, 36.879360407000036], [-76.96762474299999, 36.879371957000046], [-76.96759070399997, 36.87936029700006]]]}, "properties": {"id": 53, "status": "occupied", "plot": "2", "owner": "ANDREW WARREN", "lotsize": "10X44"}}, {"type": "Feature", "geometry": {"type": "Polygon", "coordinates": [[[-76.96750749299997, 36.879526792000036], [-76.96754028499998, 36.87953715900005], [-76.96753512499998, 36.879547528000046], [-76.96750262799998, 36.879536517000076], [-76.96750749299997, 36.879526792000036]]]}, "properties": {"id": 54, "status": "sold", "plot": "18", "owner": "JAMES ELLIS", "lotsize": "10X32"}}, {"type": "Feature", "geometry": {"type": "Polygon", "coordinates": [[[-76.96753266599995, 36.87947647800007], [-76.96753771099998, 36.87946639300003], [-76.96757035899998, 36.87947671500007], [-76.96756533799999, 36.879486807000035], [-76.96753266599995, 36.87947647800007]]]}, "properties": {"id": 55, "status": "sold", "plot": "12", "owner": "JAMES ELLIS", "lotsize": "10X32"}}, {"type": "Feature", "geometry": {"type": "Polygon", "coordinates": [[[-76.96750749299997, 36.879526792000036], [-76.96751252099995, 36.87951674400006], [-76.96754528799994, 36.87952710400003], [-76.96754028499998, 36.87953715900005], [-76.96750749299997, 36.879526792000036]]]}, "properties": {"id": 56, "status": "sold", "plot": "17", "owner": "JAMES ELLIS", "lotsize": "10X32"}}, {"type": "Feature", "geometry": {"type": "Polygon", "coordinates": [[[-76.96751755199995, 36.87950668900004], [-76.96752258599997, 36.87949662700004], [-76.96755530599995, 36.87950697000008], [-76.96755029499997, 36.87951704000005], [-76.96751755199995, 36.87950668900004]]]}, "properties": {"id": 57, "status": "occupied", "plot": "15", "owner": "JAMES ELLIS", "lotsize": "10X32"}}, {"type": "Feature", "geometry": {"type": "Polygon", "coordinates": [[[-76.96751252099995, 36.87951674400006], [-76.96751755199995, 36.87950668900004], [-76.96755029499997, 36.87951704000005], [-76.96754528799994, 36.87952710400003], [-76.96751252099995, 36.87951674400006]]]}, "properties": {"id": 58, "status": "occupied", "plot": "16", "owner": "JAMES ELLIS", "lotsize": "10X32"}}, {"type": "Feature", "geometry": {"type": "Polygon", "coordinates": [[[-76.96752258599997, 36.87949662700004], [-76.96752762399996, 36.87948655500003], [-76.96756031899997, 36.879496893000066], [-76.96755530599995, 36.87950697000008], [-76.96752258599997, 36.87949662700004]]]}, "properties": {"id": 59, "status": "sold", "plot": "14", "owner": "JAMES ELLIS", "lotsize": "10X32"}}, {"type": "Feature", "geometry": {"type": "Polygon", "coordinates": [[[-76.96752762399996, 36.87948655500003], [-76.96753266599995, 36.87947647800007], [-76.96756533799999, 36.879486807000035], [-76.96756031899997, 36.879496893000066], [-76.96752762399996, 36.87948655500003]]]}, "properties": {"id": 60, "status": "sold", "plot": "13", "owner": "JAMES ELLIS", "lotsize": "10X32"}}, {"type": "Feature", "geometry": {"type": "Polygon", "coordinates": [[[-76.96753771099998, 36.87946639300003], [-76.96754275999996, 36.87945630000007], [-76.96757538399999, 36.87946661400008], [-76.96757035899998, 36.87947671500007], [-76.96753771099998, 36.87946639300003]]]}, "properties": {"id": 61, "status": "sold", "plot": "11", "owner": "JAMES ELLIS", "lotsize": "10X32"}}, {"type": "Feature", "geometry": {"type": "Polygon", "coordinates": [[[-76.96749610899997, 36.87954937400008], [-76.96752884799997, 36.879560526000034], [-76.96752266099998, 36.87957313900006], [-76.96748966499996, 36.879562226000075], [-76.96749610899997, 36.87954937400008]]]}, "properties": {"id": 62, "status": "sold", "plot": "20", "owner": "WARREN FAMILY", "lotsize": "10X10"}}, {"type": "Feature", "geometry": {"type": "Polygon", "coordinates": [[[-76.96749610899997, 36.87954937400008], [-76.96750250299993, 36.87953661700004], [-76.96753512599997, 36.87954772900008], [-76.96752884799997, 36.879560526000034], [-76.96749610899997, 36.87954937400008]]]}, "properties": {"id": 63, "status": "sold", "plot": "19", "owner": "WARREN FAMILY", "lotsize": "10X10"}}, {"type": "Feature", "geometry": {"type": "Polygon", "coordinates": [[[-76.96761430199996, 36.87941183800007], [-76.96762078799998, 36.879400049000026], [-76.96765251199997, 36.879412065000054], [-76.96764613399995, 36.87942389700004], [-76.96761430199996, 36.87941183800007]]]}, "properties": {"id": 64, "status": "sold", "plot": "5", "owner": "CLARENCE GRIFFIN", "lotsize": "10X20?"}}, {"type": "Feature", "geometry": {"type": "Polygon", "coordinates": [[[-76.96762078799998, 36.879400049000026], [-76.96762729799997, 36.879388221000056], [-76.96765890799998, 36.87940019400003], [-76.96765251199997, 36.879412065000054], [-76.96762078799998, 36.879400049000026]]]}, "properties": {"id": 65, "status": "sold", "plot": "4", "owner": "CLARENCE GRIFFIN", "lotsize": "10X20?"}}, {"type": "Feature", "geometry": {"type": "Polygon", "coordinates": [[[-76.96762729799997, 36.879388221000056], [-76.96763382999995, 36.87937635000003], [-76.96766532899994, 36.879388282000036], [-76.96765890799998, 36.87940019400003], [-76.96762729799997, 36.879388221000056]]]}, "properties": {"id": 66, "status": "occupied", "plot": "3", "owner": "CLARENCE GRIFFIN", "lotsize": "10X20?"}}, {"type": "Feature", "geometry": {"type": "Polygon", "coordinates": [[[-76.96761430199996, 36.87941183800007], [-76.96764613399995, 36.87942389700004], [-76.96763988299995, 36.87943549700003], [-76.96760773399996, 36.87942377500008], [-76.96761430199996, 36.87941183800007]]]}, "properties": {"id": 67, "status": "sold", "plot": "6", "owner": "CLARENCE GRIFFIN", "lotsize": "10X20?"}}, {"type": "Feature", "geometry": {"type": "Polygon", "coordinates": [[[-76.96763382999995, 36.87937635000003], [-76.96764038499998, 36.87936443700005], [-76.96767177299995, 36.879376326000056], [-76.96766532899994, 36.879388282000036], [-76.96763382999995, 36.87937635000003]]]}, "properties": {"id": 68, "status": "sold", "plot": "2", "owner": "CLARENCE GRIFFIN", "lotsize": "10X20?"}}, {"type": "Feature", "geometry": {"type": "Polygon", "coordinates": [[[-76.96764038499998, 36.87936443700005], [-76.96764696499997, 36.87935248000008], [-76.96767823899995, 36.879364327000076], [-76.96767177299995, 36.879376326000056], [-76.96764038499998, 36.87936443700005]]]}, "properties": {"id": 69, "status": "sold", "plot": "1", "owner": "CLARENCE GRIFFIN", "lotsize": "10X20?"}}, {"type": "Feature", "geometry": {"type": "Polygon", "coordinates": [[[-76.96768337699996, 36.87942432300008], [-76.96769012699997, 36.87941230900003], [-76.96772133199994, 36.87942380900006], [-76.96771458199999, 36.87943582400004], [-76.96768337699996, 36.87942432300008]]]}, "properties": {"id": 70, "status": "occupied", "plot": "4", "owner": "SPIVEY FAMILY", "lotsize": "10X27"}}, {"type": "Feature", "geometry": {"type": "Polygon", "coordinates": [[[-76.96764589999998, 36.87942410100004], [-76.96765245899996, 36.87941203300005], [-76.96768379399998, 36.87942357900005], [-76.96767705099995, 36.87943558000006], [-76.96764589999998, 36.87942410100004]]]}, "properties": {"id": 71, "status": "occupied", "plot": "5", "owner": "SPIVEY FAMILY", "lotsize": "10X27"}}, {"type": "Feature", "geometry": {"type": "Polygon", "coordinates": [[[-76.96764589999998, 36.87942410100004], [-76.96767705099995, 36.87943558000006], [-76.96767007399995, 36.87944799600007], [-76.96763949499996, 36.87943588700006], [-76.96764589999998, 36.87942410100004]]]}, "properties": {"id": 72, "status": "occupied", "plot": "6", "owner": "SPIVEY FAMILY", "lotsize": "10X27"}}, {"type": "Feature", "geometry": {"type": "Polygon", "coordinates": [[[-76.96766546199996, 36.87938810700007], [-76.96767190799994, 36.879376249000074], [-76.96770378799994, 36.87938799500006], [-76.96769716199998, 36.87939978900005], [-76.96766546199996, 36.87938810700007]]]}, "properties": {"id": 73, "status": "sold", "plot": "2", "owner": "SPIVEY FAMILY", "lotsize": "10X27"}}, {"type": "Feature", "geometry": {"type": "Polygon", "coordinates": [[[-76.96765245899996, 36.87941203300005], [-76.96765897899996, 36.87940003600005], [-76.96769049699998, 36.879411650000065], [-76.96768379399998, 36.87942357900005], [-76.96765245899996, 36.87941203300005]]]}, "properties": {"id": 74, "status": "occupied", "plot": "4", "owner": "SPIVEY FAMILY", "lotsize": "10X27"}}, {"type": "Feature", "geometry": {"type": "Polygon", "coordinates": [[[-76.96767190799994, 36.879376249000074], [-76.96767831799997, 36.87936445400004], [-76.96771037799994, 36.879376268000044], [-76.96770378799994, 36.87938799500006], [-76.96767190799994, 36.879376249000074]]]}, "properties": {"id": 75, "status": "sold", "plot": "1", "owner": "SPIVEY FAMILY", "lotsize": "10X27"}}, {"type": "Feature", "geometry": {"type": "Polygon", "coordinates": [[[-76.96765897899996, 36.87940003600005], [-76.96766546199996, 36.87938810700007], [-76.96769716199998, 36.87939978900005], [-76.96769049699998, 36.879411650000065], [-76.96765897899996, 36.87940003600005]]]}, "properties": {"id": 76, "status": "occupied", "plot": "3", "owner": "SPIVEY FAMILY", "lotsize": "10X27"}}, {"type": "Feature", "geometry": {"type": "Polygon", "coordinates": [[[-76.96767662599996, 36.87943633700007], [-76.96770783199997, 36.87944783800003], [-76.96770088699998, 36.87946019900005], [-76.96767007399995, 36.87944799600007], [-76.96767662599996, 36.87943633700007]]]}, "properties": {"id": 77, "status": "occupied", "plot": "6", "owner": "SPIVEY FAMILY", "lotsize": "10X27"}}, {"type": "Feature", "geometry": {"type": "Polygon", "coordinates": [[[-76.96769012699997, 36.87941230900003], [-76.96769687699998, 36.87940029600003], [-76.96772808099996, 36.879411797000046], [-76.96772133199994, 36.87942380900006], [-76.96769012699997, 36.87941230900003]]]}, "properties": {"id": 78, "status": "occupied", "plot": "3", "owner": "SPIVEY FAMILY", "lotsize": "10X27"}}, {"type": "Feature", "geometry": {"type": "Polygon", "coordinates": [[[-76.96770362699993, 36.879388282000036], [-76.96771037799994, 36.879376268000044], [-76.96774158299996, 36.87938776900006], [-76.96773483299995, 36.879399782000064], [-76.96770362699993, 36.879388282000036]]]}, "properties": {"id": 79, "status": "sold", "plot": "1", "owner": "SPIVEY FAMILY", "lotsize": "10X27"}}, {"type": "Feature", "geometry": {"type": "Polygon", "coordinates": [[[-76.96767662599996, 36.87943633700007], [-76.96768337699996, 36.87942432300008], [-76.96771458199999, 36.87943582400004], [-76.96770783199997, 36.87944783800003], [-76.96767662599996, 36.87943633700007]]]}, "properties": {"id": 80, "status": "occupied", "plot": "5", "owner": "SPIVEY FAMILY", "lotsize": "10X27"}}, {"type": "Feature", "geometry": {"type": "Polygon", "coordinates": [[[-76.96769687699998, 36.87940029600003], [-76.96770362699993, 36.879388282000036], [-76.96773483299995, 36.879399782000064], [-76.96772808099996, 36.879411797000046], [-76.96769687699998, 36.87940029600003]]]}, "properties": {"id": 81, "status": "sold", "plot": "2", "owner": "SPIVEY FAMILY", "lotsize": "10X27"}}, {"type": "Feature", "geometry": {"type": "Polygon", "coordinates": [[[-76.96763102599994, 36.87944881200008], [-76.96763855699999, 36.879435811000064], [-76.96766980599995, 36.87944791700005], [-76.96766227299997, 36.87946091900005], [-76.96763102599994, 36.87944881200008]]]}, "properties": {"id": 82, "status": "occupied", "plot": "7", "owner": "CHARLES WILLS", "lotsize": "20X20"}}, {"type": "Feature", "geometry": {"type": "Polygon", "coordinates": [[[-76.96760027499994, 36.879437145000054], [-76.96763090999997, 36.879449012000066], [-76.96762334199997, 36.87946207600004], [-76.96759268599999, 36.87945082500005], [-76.96760027499994, 36.879437145000054]]]}, "properties": {"id": 83, "status": "occupied", "plot": "8", "owner": "CHARLES WILLS", "lotsize": "20X20"}}, {"type": "Feature", "geometry": {"type": "Polygon", "coordinates": [[[-76.96760027499994, 36.879437145000054], [-76.96760765499994, 36.879423839000026], [-76.96763855699999, 36.879435811000064], [-76.96763090999997, 36.879449012000066], [-76.96760027499994, 36.879437145000054]]]}, "properties": {"id": 84, "status": "occupied", "plot": "7", "owner": "CHARLES WILLS", "lotsize": "20X20"}}, {"type": "Feature", "geometry": {"type": "Polygon", "coordinates": [[[-76.96763102599994, 36.87944881200008], [-76.96766227299997, 36.87946091900005], [-76.96765489499995, 36.87947365500003], [-76.96762334199997, 36.87946207600004], [-76.96763102599994, 36.87944881200008]]]}, "properties": {"id": 85, "status": "occupied", "plot": "8", "owner": "CHARLES WILLS", "lotsize": "20X20"}}, {"type": "Feature", "geometry": {"type": "Polygon", "coordinates": [[[-76.96764607599994, 36.87948835700007], [-76.96767810899996, 36.87950097000004], [-76.96767086299997, 36.87951400500003], [-76.96763811699998, 36.87950209500008], [-76.96764607599994, 36.87948835700007]]]}, "properties": {"id": 86, "status": "sold", "plot": "10", "owner": "A.M. FELTS, JR", "lotsize": "10X20"}}, {"type": "Feature", "geometry": {"type": "Polygon", "coordinates": [[[-76.96765386399994, 36.87947491400007], [-76.96766171499996, 36.87946136000005], [-76.96769323099994, 36.87947377000006], [-76.96768563999996, 36.879487425000036], [-76.96765386399994, 36.87947491400007]]]}, "properties": {"id": 87, "status": "occupied", "plot": "8", "owner": "A.M. FELTS, JR", "lotsize": "10X20"}}, {"type": "Feature", "geometry": {"type": "Polygon", "coordinates": [[[-76.96764607599994, 36.87948835700007], [-76.96765386399994, 36.87947491400007], [-76.96768563999996, 36.879487425000036], [-76.96767810899996, 36.87950097000004], [-76.96764607599994, 36.87948835700007]]]}, "properties": {"id": 88, "status": "sold", "plot": "9", "owner": "A.M. FELTS, JR", "lotsize": "10X20"}}, {"type": "Feature", "geometry": {"type": "Polygon", "coordinates": [[[-76.96766171499996, 36.87946136000005], [-76.96766963299996, 36.87944769300003], [-76.96770088699998, 36.87945999900006], [-76.96769323099994, 36.87947377000006], [-76.96766171499996, 36.87946136000005]]]}, "properties": {"id": 89, "status": "sold", "plot": "7", "owner": "A.M. FELTS, JR", "lotsize": "10X20"}}, {"type": "Feature", "geometry": {"type": "Polygon", "coordinates": [[[-76.96760362499998, 36.879498555000055], [-76.96763421299994, 36.879509840000026], [-76.96762740199995, 36.87952192400007], [-76.96759679899998, 36.87951066900007], [-76.96760362499998, 36.879498555000055]]]}, "properties": {"id": 90, "status": "sold", "plot": "12", "owner": "BULLS FAMILY", "lotsize": "20X18"}}, {"type": "Feature", "geometry": {"type": "Polygon", "coordinates": [[[-76.96757356799998, 36.879487202000064], [-76.96758004099996, 36.879474876000074], [-76.96761060799997, 36.879486163000024], [-76.96760374199994, 36.87949834500006], [-76.96757356799998, 36.879487202000064]]]}, "properties": {"id": 91, "status": "sold", "plot": "11", "owner": "BULLS FAMILY", "lotsize": "20X18"}}, {"type": "Feature", "geometry": {"type": "Polygon", "coordinates": [[[-76.96758643199996, 36.87946270600003], [-76.96759274399994, 36.87945068700003], [-76.96762407799997, 36.879462258000046], [-76.96761738499998, 36.879474136000056], [-76.96758643199996, 36.87946270600003]]]}, "properties": {"id": 92, "status": "sold", "plot": "9", "owner": "CHARLES WILLS", "lotsize": "20X20"}}, {"type": "Feature", "geometry": {"type": "Polygon", "coordinates": [[[-76.96758004099996, 36.879474876000074], [-76.96758643199996, 36.87946270600003], [-76.96761738499998, 36.879474136000056], [-76.96761060799997, 36.879486163000024], [-76.96758004099996, 36.879474876000074]]]}, "properties": {"id": 93, "status": "sold", "plot": "10", "owner": "CHARLES WILLS", "lotsize": "20X20"}}, {"type": "Feature", "geometry": {"type": "Polygon", "coordinates": [[[-76.96757356799998, 36.879487202000064], [-76.96760374199994, 36.87949834500006], [-76.96759679899998, 36.87951066900007], [-76.96756699999997, 36.87949970900007], [-76.96757356799998, 36.879487202000064]]]}, "properties": {"id": 94, "status": "occupied", "plot": "12", "owner": "BULLS FAMILY", "lotsize": "20X18"}}, {"type": "Feature", "geometry": {"type": "Polygon", "coordinates": [[[-76.96760362499998, 36.879498555000055], [-76.96761043899994, 36.879486462000045], [-76.96764103199996, 36.879497738000055], [-76.96763421299994, 36.879509840000026], [-76.96760362499998, 36.879498555000055]]]}, "properties": {"id": 95, "status": "sold", "plot": "11", "owner": "BULLS FAMILY", "lotsize": "20X18"}}, {"type": "Feature", "geometry": {"type": "Polygon", "coordinates": [[[-76.96761725899995, 36.879474360000074], [-76.96762407799997, 36.879462258000046], [-76.96765465999994, 36.879473551000046], [-76.96764784599998, 36.879485645000045], [-76.96761725899995, 36.879474360000074]]]}, "properties": {"id": 96, "status": "sold", "plot": "9", "owner": "CHARLES WILLS", "lotsize": "20X20"}}, {"type": "Feature", "geometry": {"type": "Polygon", "coordinates": [[[-76.96761043899994, 36.879486462000045], [-76.96761725899995, 36.879474360000074], [-76.96764784599998, 36.879485645000045], [-76.96764103199996, 36.879497738000055], [-76.96761043899994, 36.879486462000045]]]}, "properties": {"id": 97, "status": "sold", "plot": "10", "owner": "CHARLES WILLS", "lotsize": "20X20"}}, {"type": "Feature", "geometry": {"type": "Polygon", "coordinates": [[[-76.96762206199998, 36.879533543000036], [-76.96762756299995, 36.87952301300004], [-76.96765952499999, 36.879535014000055], [-76.96765387999994, 36.879545490000055], [-76.96762206199998, 36.879533543000036]]]}, "properties": {"id": 98, "status": "sold", "plot": "13", "owner": "E.R, LOWE, JR.", "lotsize": "10X15"}}, {"type": "Feature", "geometry": {"type": "Polygon", "coordinates": [[[-76.96762756299995, 36.87952301300004], [-76.96763303899996, 36.879512530000056], [-76.96766514299998, 36.87952458700005], [-76.96765952499999, 36.879535014000055], [-76.96762756299995, 36.87952301300004]]]}, "properties": {"id": 99, "status": "sold", "plot": "12", "owner": "E.R, LOWE, JR.", "lotsize": "10X15"}}, {"type": "Feature", "geometry": {"type": "Polygon", "coordinates": [[[-76.96763303899996, 36.879512530000056], [-76.96763849099995, 36.87950209600007], [-76.96767073699993, 36.87951420400003], [-76.96766514299998, 36.87952458700005], [-76.96763303899996, 36.879512530000056]]]}, "properties": {"id": 100, "status": "sold", "plot": "11", "owner": "E.R, LOWE, JR.", "lotsize": "10X15"}}, {"type": "Feature", "geometry": {"type": "Polygon", "coordinates": [[[-76.96762206199998, 36.879533543000036], [-76.96765387999994, 36.879545490000055], [-76.96764852199993, 36.87955543400005], [-76.96761623199995, 36.87954470100004], [-76.96762206199998, 36.879533543000036]]]}, "properties": {"id": 101, "status": "sold", "plot": "14", "owner": "E.R, LOWE, JR.", "lotsize": "10X15"}}, {"type": "Feature", "geometry": {"type": "Polygon", "coordinates": [[[-76.96759944699994, 36.87957471800007], [-76.96763277499997, 36.87958576200003], [-76.96762729699998, 36.879596080000056], [-76.96759415699995, 36.87958435200005], [-76.96759944699994, 36.87957471800007]]]}, "properties": {"id": 102, "status": "sold", "plot": "18", "owner": "ARCHER PEDEN, JR.", "lotsize": "10X16"}}, {"type": "Feature", "geometry": {"type": "Polygon", "coordinates": [[[-76.96759944699994, 36.87957471800007], [-76.96760493399995, 36.879564723000044], [-76.96763810899995, 36.87957571700008], [-76.96763277499997, 36.87958576200003], [-76.96759944699994, 36.87957471800007]]]}, "properties": {"id": 103, "status": "sold", "plot": "17", "owner": "ARCHER PEDEN, JR.", "lotsize": "10X16"}}, {"type": "Feature", "geometry": {"type": "Polygon", "coordinates": [[[-76.96760493399995, 36.879564723000044], [-76.96761044599998, 36.87955468200005], [-76.96764346799995, 36.879565625000055], [-76.96763810899995, 36.87957571700008], [-76.96760493399995, 36.879564723000044]]]}, "properties": {"id": 104, "status": "occupied", "plot": "16", "owner": "ARCHER PEDEN, JR.", "lotsize": "10X16"}}, {"type": "Feature", "geometry": {"type": "Polygon", "coordinates": [[[-76.96761044599998, 36.87955468200005], [-76.96761598599994, 36.87954459300005], [-76.96764885099998, 36.879555484000036], [-76.96764346799995, 36.879565625000055], [-76.96761044599998, 36.87955468200005]]]}, "properties": {"id": 105, "status": "occupied", "plot": "15", "owner": "ARCHER PEDEN, JR.", "lotsize": "10X16"}}, {"type": "Feature", "geometry": {"type": "Polygon", "coordinates": [[[-76.96757556999995, 36.879620818000035], [-76.96760771999999, 36.879632265000055], [-76.96760108399997, 36.87964444700003], [-76.96756909299995, 36.879633428000034], [-76.96757556999995, 36.879620818000035]]]}, "properties": {"id": 106, "status": "sold", "plot": "22", "owner": "SONNY WARREN", "lotsize": "10X20"}}, {"type": "Feature", "geometry": {"type": "Polygon", "coordinates": [[[-76.96757556999995, 36.879620818000035], [-76.96758189999997, 36.879608492000045], [-76.96761436899999, 36.879620052000064], [-76.96760771999999, 36.879632265000055], [-76.96757556999995, 36.879620818000035]]]}, "properties": {"id": 107, "status": "sold", "plot": "21", "owner": "SONNY WARREN", "lotsize": "10X20"}}, {"type": "Feature", "geometry": {"type": "Polygon", "coordinates": [[[-76.96758189999997, 36.879608492000045], [-76.96758816699997, 36.87959628500005], [-76.96762095599996, 36.879607959000055], [-76.96761436899999, 36.879620052000064], [-76.96758189999997, 36.879608492000045]]]}, "properties": {"id": 108, "status": "sold", "plot": "20", "owner": "SONNY WARREN", "lotsize": "10X20"}}, {"type": "Feature", "geometry": {"type": "Polygon", "coordinates": [[[-76.96758816699997, 36.87959628500005], [-76.96759437699995, 36.879584195000064], [-76.96762747899999, 36.87959598100008], [-76.96762095599996, 36.879607959000055], [-76.96758816699997, 36.87959628500005]]]}, "properties": {"id": 109, "status": "sold", "plot": "19", "owner": "SONNY WARREN", "lotsize": "10X20"}}, {"type": "Feature", "geometry": {"type": "Polygon", "coordinates": [[[-76.96755606199997, 36.879521616000034], [-76.96756170299994, 36.87951072800007], [-76.96759187799995, 36.87952170600005], [-76.96758601399995, 36.87953251300007], [-76.96755606199997, 36.879521616000034]]]}, "properties": {"id": 110, "status": "sold", "plot": "14", "owner": "BULLS FAMILY", "lotsize": "20X18"}}, {"type": "Feature", "geometry": {"type": "Polygon", "coordinates": [[[-76.96756170299994, 36.87951072800007], [-76.96756730199996, 36.87949992000006], [-76.96759769899995, 36.87951097700005], [-76.96759187799995, 36.87952170600005], [-76.96756170299994, 36.87951072800007]]]}, "properties": {"id": 111, "status": "sold", "plot": "13", "owner": "BULLS FAMILY", "lotsize": "20X18"}}, {"type": "Feature", "geometry": {"type": "Polygon", "coordinates": [[[-76.96758601299996, 36.87953251700003], [-76.96759185599996, 36.87952174700007], [-76.96762202599996, 36.87953272300007], [-76.96761618299996, 36.87954349300003], [-76.96758601299996, 36.87953251700003]]]}, "properties": {"id": 112, "status": "sold", "plot": "14", "owner": "BULLS FAMILY", "lotsize": "20X18"}}, {"type": "Feature", "geometry": {"type": "Polygon", "coordinates": [[[-76.96759185599996, 36.87952174700007], [-76.96759769899995, 36.87951097700005], [-76.96762786899995, 36.87952195300005], [-76.96762202599996, 36.87953272300007], [-76.96759185599996, 36.87952174700007]]]}, "properties": {"id": 113, "status": "sold", "plot": "13", "owner": "BULLS FAMILY", "lotsize": "20X18"}}, {"type": "Feature", "geometry": {"type": "Polygon", "coordinates": [[[-76.96775643199999, 36.87940791900007], [-76.96776382499996, 36.87939586600004], [-76.96779685999996, 36.87940842800003], [-76.96778958699997, 36.879420527000036], [-76.96775643199999, 36.87940791900007]]]}, "properties": {"id": 114, "status": "occupied", "plot": "1", "owner": "CHARLIE SADLER", "lotsize": "10X18"}}, {"type": "Feature", "geometry": {"type": "Polygon", "coordinates": [[[-76.96774173499995, 36.87943188200006], [-76.96777512699998, 36.87944458000004], [-76.96776805599995, 36.879456342000026], [-76.96773430899998, 36.87944399000003], [-76.96774173499995, 36.87943188200006]]]}, "properties": {"id": 115, "status": "occupied", "plot": "4", "owner": "CHARLIE SADLER", "lotsize": "10X18"}}, {"type": "Feature", "geometry": {"type": "Polygon", "coordinates": [[[-76.96774173499995, 36.87943188200006], [-76.96774906699994, 36.87941992700007], [-76.96778234499999, 36.87943257300003], [-76.96777512699998, 36.87944458000004], [-76.96774173499995, 36.87943188200006]]]}, "properties": {"id": 116, "status": "occupied", "plot": "3", "owner": "CHARLIE SADLER", "lotsize": "10X18"}}, {"type": "Feature", "geometry": {"type": "Polygon", "coordinates": [[[-76.96774906699994, 36.87941992700007], [-76.96775643199999, 36.87940791900007], [-76.96778958699997, 36.879420527000036], [-76.96778234499999, 36.87943257300003], [-76.96774906699994, 36.87941992700007]]]}, "properties": {"id": 117, "status": "occupied", "plot": "2", "owner": "CHARLIE SADLER", "lotsize": "10X18"}}, {"type": "Feature", "geometry": {"type": "Polygon", "coordinates": [[[-76.96772776299997, 36.87945634400006], [-76.96773431599996, 36.879444017000026], [-76.96776804899997, 36.87945623200005], [-76.96776058899997, 36.87946823200008], [-76.96772776299997, 36.87945634400006]]]}, "properties": {"id": 118, "status": "sold", "plot": "5", "owner": "???", "lotsize": "10X10"}}, {"type": "Feature", "geometry": {"type": "Polygon", "coordinates": [[[-76.96772776299997, 36.87945634400006], [-76.96776058899997, 36.87946823200008], [-76.96775295099997, 36.87948051500007], [-76.96772099399999, 36.87946907800006], [-76.96772776299997, 36.87945634400006]]]}, "properties": {"id": 119, "status": "sold", "plot": "6", "owner": "???", "lotsize": "10X10"}}, {"type": "Feature", "geometry": {"type": "Polygon", "coordinates": [[[-76.96770075899997, 36.87950109500008], [-76.96773255699998, 36.879512254000076], [-76.96772581599998, 36.87952291200003], [-76.96769406299995, 36.87951202200003], [-76.96770075899997, 36.87950109500008]]]}, "properties": {"id": 120, "status": "occupied", "plot": "10", "owner": "RAY HARRIS", "lotsize": "10X17"}}, {"type": "Feature", "geometry": {"type": "Polygon", "coordinates": [[[-76.96770075899997, 36.87950109500008], [-76.96770735499996, 36.879490333000035], [-76.96773932499997, 36.87950155200008], [-76.96773255699998, 36.879512254000076], [-76.96770075899997, 36.87950109500008]]]}, "properties": {"id": 121, "status": "occupied", "plot": "9", "owner": "RAY HARRIS", "lotsize": "10X17"}}, {"type": "Feature", "geometry": {"type": "Polygon", "coordinates": [[[-76.96770735499996, 36.879490333000035], [-76.96771391799996, 36.87947962800007], [-76.96774605699994, 36.87949090800004], [-76.96773932499997, 36.87950155200008], [-76.96770735499996, 36.879490333000035]]]}, "properties": {"id": 122, "status": "sold", "plot": "8", "owner": "RAY HARRIS", "lotsize": "10X17"}}, {"type": "Feature", "geometry": {"type": "Polygon", "coordinates": [[[-76.96771391799996, 36.87947962800007], [-76.96772044499994, 36.87946898000007], [-76.96775275399995, 36.87948031900004], [-76.96774605699994, 36.87949090800004], [-76.96771391799996, 36.87947962800007]]]}, "properties": {"id": 123, "status": "occupied", "plot": "7", "owner": "RAY HARRIS", "lotsize": "10X17"}}, {"type": "Feature", "geometry": {"type": "Polygon", "coordinates": [[[-76.96767336199997, 36.87954784900006], [-76.96768038599998, 36.87953580800007], [-76.96771112999994, 36.87954700800003], [-76.96770391699994, 36.87955898000007], [-76.96767336199997, 36.87954784900006]]]}, "properties": {"id": 124, "status": "occupied", "plot": "13", "owner": "W.S.BUHLS", "lotsize": "10X20"}}, {"type": "Feature", "geometry": {"type": "Polygon", "coordinates": [[[-76.96767336199997, 36.87954784900006], [-76.96770391699994, 36.87955898000007], [-76.96769656299995, 36.87957118400004], [-76.96766639899994, 36.87955978400004], [-76.96767336199997, 36.87954784900006]]]}, "properties": {"id": 125, "status": "occupied", "plot": "14", "owner": "W.S.BUHLS", "lotsize": "10X20"}}, {"type": "Feature", "geometry": {"type": "Polygon", "coordinates": [[[-76.96768038599998, 36.87953580800007], [-76.96768736499996, 36.87952384700003], [-76.96771829499994, 36.879535116000056], [-76.96771112999994, 36.87954700800003], [-76.96768038599998, 36.87953580800007]]]}, "properties": {"id": 126, "status": "occupied", "plot": "12", "owner": "W.S.BUHLS", "lotsize": "10X20"}}, {"type": "Feature", "geometry": {"type": "Polygon", "coordinates": [[[-76.96768736499996, 36.87952384700003], [-76.96769430199998, 36.879511957000034], [-76.96772541899998, 36.87952329500007], [-76.96771829499994, 36.879535116000056], [-76.96768736499996, 36.87952384700003]]]}, "properties": {"id": 127, "status": "occupied", "plot": "11", "owner": "W.S.BUHLS", "lotsize": "10X20"}}, {"type": "Feature", "geometry": {"type": "Polygon", "coordinates": [[[-76.96764246199996, 36.87959970600008], [-76.96764843199998, 36.87958965000007], [-76.96767779499999, 36.87960066800008], [-76.96767166999996, 36.879610666000076], [-76.96764246199996, 36.87959970600008]]]}, "properties": {"id": 128, "status": "occupied", "plot": "18", "owner": "RONNIE CORNWELL", "lotsize": "10X20"}}, {"type": "Feature", "geometry": {"type": "Polygon", "coordinates": [[[-76.96764246199996, 36.87959970600008], [-76.96767166999996, 36.879610666000076], [-76.96766577599999, 36.87962028700008], [-76.96763620699994, 36.87961024100008], [-76.96764246199996, 36.87959970600008]]]}, "properties": {"id": 129, "status": "occupied", "plot": "19", "owner": "RONNIE CORNWELL", "lotsize": "10X20"}}, {"type": "Feature", "geometry": {"type": "Polygon", "coordinates": [[[-76.96766027799998, 36.87956969700008], [-76.96766615499996, 36.87955979900005], [-76.96769597499997, 36.87957098800007], [-76.96768994599995, 36.879580831000055], [-76.96766027799998, 36.87956969700008]]]}, "properties": {"id": 130, "status": "occupied", "plot": "15", "owner": "RONNIE CORNWELL", "lotsize": "10X20"}}, {"type": "Feature", "geometry": {"type": "Polygon", "coordinates": [[[-76.96764843199998, 36.87958965000007], [-76.96765436999993, 36.87957964900005], [-76.96768388699996, 36.879590723000035], [-76.96767779499999, 36.87960066800008], [-76.96764843199998, 36.87958965000007]]]}, "properties": {"id": 131, "status": "occupied", "plot": "17", "owner": "RONNIE CORNWELL", "lotsize": "10X20"}}, {"type": "Feature", "geometry": {"type": "Polygon", "coordinates": [[[-76.96765436999993, 36.87957964900005], [-76.96766027799998, 36.87956969700008], [-76.96768994599995, 36.879580831000055], [-76.96768388699996, 36.879590723000035], [-76.96765436999993, 36.87957964900005]]]}, "properties": {"id": 132, "status": "sold", "plot": "16", "owner": "RONNIE CORNWELL", "lotsize": "10X20"}}, {"type": "Feature", "geometry": {"type": "Polygon", "coordinates": [[[-76.96776640899998, 36.87947122500003], [-76.96777391699999, 36.87945885500005], [-76.96780643099999, 36.87947132000005], [-76.96779865299999, 36.87948358500006], [-76.96776640899998, 36.87947122500003]]]}, "properties": {"id": 133, "status": "occupied", "plot": "5", "owner": "CHARLIE SLADE", "lotsize": "10X10?"}}, {"type": "Feature", "geometry": {"type": "Polygon", "coordinates": [[[-76.96778874699999, 36.87943442200003], [-76.96779607299999, 36.87942235300005], [-76.96782938699994, 36.879435123000064], [-76.96782179799999, 36.87944709200008], [-76.96778874699999, 36.87943442200003]]]}, "properties": {"id": 134, "status": "sold", "plot": "2", "owner": "H.W. WADE", "lotsize": "10X10?"}}, {"type": "Feature", "geometry": {"type": "Polygon", "coordinates": [[[-76.96777391699999, 36.87945885500005], [-76.96778136199998, 36.879446589000054], [-76.96781414699996, 36.87945915600005], [-76.96780643099999, 36.87947132000005], [-76.96777391699999, 36.87945885500005]]]}, "properties": {"id": 135, "status": "occupied", "plot": "4", "owner": "CHARLIE SLADE", "lotsize": "10X10?"}}, {"type": "Feature", "geometry": {"type": "Polygon", "coordinates": [[[-76.96778136199998, 36.879446589000054], [-76.96778874699999, 36.87943442200003], [-76.96782179799999, 36.87944709200008], [-76.96781414699996, 36.87945915600005], [-76.96778136199998, 36.879446589000054]]]}, "properties": {"id": 136, "status": "occupied", "plot": "3", "owner": "CHARLIE SLADE", "lotsize": "10X10?"}}, {"type": "Feature", "geometry": {"type": "Polygon", "coordinates": [[[-76.96776640899998, 36.87947122500003], [-76.96779865299999, 36.87948358500006], [-76.96779053399996, 36.87949638600003], [-76.96775910199995, 36.879483262000065], [-76.96776640899998, 36.87947122500003]]]}, "properties": {"id": 137, "status": "occupied", "plot": "6", "owner": "CHARLIE SLADE", "lotsize": "10X10?"}}, {"type": "Feature", "geometry": {"type": "Polygon", "coordinates": [[[-76.96779607299999, 36.87942235300005], [-76.96780334199997, 36.879410378000046], [-76.96783691699994, 36.87942324900007], [-76.96782938699994, 36.879435123000064], [-76.96779607299999, 36.87942235300005]]]}, "properties": {"id": 138, "status": "occupied", "plot": "1", "owner": "H.W. WADE", "lotsize": "10X10?"}}, {"type": "Feature", "geometry": {"type": "Polygon", "coordinates": [[[-76.96773417799994, 36.879523661000064], [-76.96776535999999, 36.87953661600005], [-76.96775913199997, 36.879546633000075], [-76.96772785799999, 36.879533955000056], [-76.96773417799994, 36.879523661000064]]]}, "properties": {"id": 139, "status": "sold", "plot": "11", "owner": "MARTHA KELLO", "lotsize": "10X20"}}, {"type": "Feature", "geometry": {"type": "Polygon", "coordinates": [[[-76.96774662599995, 36.879503390000025], [-76.96775282999994, 36.879493284000034], [-76.96778419999998, 36.87950631800004], [-76.96777793299998, 36.87951639700003], [-76.96774662599995, 36.879503390000025]]]}, "properties": {"id": 140, "status": "sold", "plot": "8", "owner": "MARTHA KELLO", "lotsize": "10X20"}}, {"type": "Feature", "geometry": {"type": "Polygon", "coordinates": [[[-76.96773417799994, 36.879523661000064], [-76.96774040899999, 36.87951351400005], [-76.96777165299994, 36.87952649700003], [-76.96776535999999, 36.87953661600005], [-76.96773417799994, 36.879523661000064]]]}, "properties": {"id": 141, "status": "sold", "plot": "10", "owner": "MARTHA KELLO", "lotsize": "10X20"}}, {"type": "Feature", "geometry": {"type": "Polygon", "coordinates": [[[-76.96774040899999, 36.87951351400005], [-76.96774662599995, 36.879503390000025], [-76.96777793299998, 36.87951639700003], [-76.96777165299994, 36.87952649700003], [-76.96774040899999, 36.87951351400005]]]}, "properties": {"id": 142, "status": "sold", "plot": "9", "owner": "MARTHA KELLO", "lotsize": "10X20"}}, {"type": "Feature", "geometry": {"type": "Polygon", "coordinates": [[[-76.96775282999994, 36.879493284000034], [-76.96775902399997, 36.87948319900005], [-76.96779045499994, 36.879496259000064], [-76.96778419999998, 36.87950631800004], [-76.96775282999994, 36.879493284000034]]]}, "properties": {"id": 143, "status": "sold", "plot": "7", "owner": "MARTHA KELLO", "lotsize": "10X20"}}, {"type": "Feature", "geometry": {"type": "Polygon", "coordinates": [[[-76.96771637199998, 36.87955287300008], [-76.96772213899999, 36.87954343900003], [-76.96775276399995, 36.879556077000075], [-76.96774674599999, 36.87956540500005], [-76.96771637199998, 36.87955287300008]]]}, "properties": {"id": 144, "status": "occupied", "plot": "13", "owner": "ROBERT HARRUP", "lotsize": "10X15"}}, {"type": "Feature", "geometry": {"type": "Polygon", "coordinates": [[[-76.96771055799996, 36.87956238500004], [-76.96774067799998, 36.87957481300003], [-76.96773450699999, 36.87958438000004], [-76.96770474399995, 36.87957189600007], [-76.96771055799996, 36.87956238500004]]]}, "properties": {"id": 145, "status": "sold", "plot": "15", "owner": "ROBERT HARRUP", "lotsize": "10X15"}}, {"type": "Feature", "geometry": {"type": "Polygon", "coordinates": [[[-76.96772213899999, 36.87954343900003], [-76.96772785899998, 36.87953408300007], [-76.96775873399997, 36.879546824000045], [-76.96775276399995, 36.879556077000075], [-76.96772213899999, 36.87954343900003]]]}, "properties": {"id": 146, "status": "occupied", "plot": "12", "owner": "ROBERT HARRUP", "lotsize": "10X15"}}, {"type": "Feature", "geometry": {"type": "Polygon", "coordinates": [[[-76.96771055799996, 36.87956238500004], [-76.96771637199998, 36.87955287300008], [-76.96774674599999, 36.87956540500005], [-76.96774067799998, 36.87957481300003], [-76.96771055799996, 36.87956238500004]]]}, "properties": {"id": 147, "status": "sold", "plot": "14", "owner": "ROBERT HARRUP", "lotsize": "10X15"}}, {"type": "Feature", "geometry": {"type": "Polygon", "coordinates": [[[-76.96768746199996, 36.879600366000034], [-76.96771693099998, 36.87961231400004], [-76.96771123599996, 36.879621428000064], [-76.96768146899996, 36.87961021900003], [-76.96768746199996, 36.879600366000034]]]}, "properties": {"id": 148, "status": "sold", "plot": "19", "owner": "ANN DICKERSON", "lotsize": "10X16"}}, {"type": "Feature", "geometry": {"type": "Polygon", "coordinates": [[[-76.96769895399996, 36.87958147300003], [-76.96770466399994, 36.87957208700004], [-76.96773450799998, 36.879584188000024], [-76.96772867399994, 36.87959352400003], [-76.96769895399996, 36.87958147300003]]]}, "properties": {"id": 149, "status": "occupied", "plot": "16", "owner": "ANN DICKERSON", "lotsize": "10X16"}}, {"type": "Feature", "geometry": {"type": "Polygon", "coordinates": [[[-76.96768746199996, 36.879600366000034], [-76.96769321999994, 36.87959090000004], [-76.96772281499995, 36.87960289800003], [-76.96771693099998, 36.87961231400004], [-76.96768746199996, 36.879600366000034]]]}, "properties": {"id": 150, "status": "sold", "plot": "18", "owner": "ANN DICKERSON", "lotsize": "10X16"}}, {"type": "Feature", "geometry": {"type": "Polygon", "coordinates": [[[-76.96769321999994, 36.87959090000004], [-76.96769895399996, 36.87958147300003], [-76.96772867399994, 36.87959352400003], [-76.96772281499995, 36.87960289800003], [-76.96769321999994, 36.87959090000004]]]}, "properties": {"id": 151, "status": "sold", "plot": "17", "owner": "ANN DICKERSON", "lotsize": "10X16"}}, {"type": "Feature", "geometry": {"type": "Polygon", "coordinates": [[[-76.96782901399996, 36.87943586400007], [-76.96783707699996, 36.879423186000054], [-76.96786707899997, 36.87943554200007], [-76.96785915899994, 36.87944827900003], [-76.96782901399996, 36.87943586400007]]]}, "properties": {"id": 152, "status": "occupied", "plot": "1", "owner": "NICHOLAS BRITTLE", "lotsize": "10X10"}}, {"type": "Feature", "geometry": {"type": "Polygon", "coordinates": [[[-76.96782901399996, 36.87943586400007], [-76.96785915899994, 36.87944827900003], [-76.96785129899996, 36.87946092000004], [-76.96782097799996, 36.87944850000008], [-76.96782901399996, 36.87943586400007]]]}, "properties": {"id": 153, "status": "occupied", "plot": "2", "owner": "NICHOLAS BRITTLE", "lotsize": "10X10"}}, {"type": "Feature", "geometry": {"type": "Polygon", "coordinates": [[[-76.96781323299996, 36.879460702000074], [-76.96782081899994, 36.87944837300006], [-76.96785082099996, 36.87946092000004], [-76.96784328899997, 36.879473258000075], [-76.96781323299996, 36.879460702000074]]]}, "properties": {"id": 154, "status": "sold", "plot": "3", "owner": "DALE PROCTOR", "lotsize": "10X10"}}, {"type": "Feature", "geometry": {"type": "Polygon", "coordinates": [[[-76.96781323299996, 36.879460702000074], [-76.96784328899997, 36.879473258000075], [-76.96783575699999, 36.87948559700004], [-76.96780567499997, 36.87947298600005], [-76.96781323299996, 36.879460702000074]]]}, "properties": {"id": 155, "status": "sold", "plot": "4", "owner": "DALE PROCTOR", "lotsize": "10X10"}}, {"type": "Feature", "geometry": {"type": "Polygon", "coordinates": [[[-76.96777842599994, 36.879515268000034], [-76.96778518599996, 36.87950465200004], [-76.96781537899994, 36.879517503000045], [-76.96780865499994, 36.879528135000044], [-76.96777842599994, 36.879515268000034]]]}, "properties": {"id": 156, "status": "occupied", "plot": "8", "owner": "SAM STEPHENSON", "lotsize": "10X20"}}, {"type": "Feature", "geometry": {"type": "Polygon", "coordinates": [[[-76.96777842599994, 36.879515268000034], [-76.96780865499994, 36.879528135000044], [-76.96780212599998, 36.879538457000024], [-76.96777148599995, 36.879526164000026], [-76.96777842599994, 36.879515268000034]]]}, "properties": {"id": 157, "status": "occupied", "plot": "9", "owner": "SAM STEPHENSON", "lotsize": "10X20"}}, {"type": "Feature", "geometry": {"type": "Polygon", "coordinates": [[[-76.96778518599996, 36.87950465200004], [-76.96779195399995, 36.87949402500004], [-76.96782210999999, 36.87950686000005], [-76.96781537899994, 36.879517503000045], [-76.96778518599996, 36.87950465200004]]]}, "properties": {"id": 158, "status": "sold", "plot": "7", "owner": "SAM STEPHENSON", "lotsize": "10X20"}}, {"type": "Feature", "geometry": {"type": "Polygon", "coordinates": [[[-76.96779873199995, 36.879483384000025], [-76.96780551699999, 36.87947273000003], [-76.96783559899995, 36.879485534000025], [-76.96782884999999, 36.87949620300003], [-76.96779873199995, 36.879483384000025]]]}, "properties": {"id": 159, "status": "sold", "plot": "5", "owner": "SAM STEPHENSON", "lotsize": "10X20"}}, {"type": "Feature", "geometry": {"type": "Polygon", "coordinates": [[[-76.96779195399995, 36.87949402500004], [-76.96779873199995, 36.879483384000025], [-76.96782884999999, 36.87949620300003], [-76.96782210999999, 36.87950686000005], [-76.96779195399995, 36.87949402500004]]]}, "properties": {"id": 160, "status": "sold", "plot": "6", "owner": "SAM STEPHENSON", "lotsize": "10X20"}}, {"type": "Feature", "geometry": {"type": "Polygon", "coordinates": [[[-76.96775912699997, 36.87954540900006], [-76.96776518699994, 36.879535711000074], [-76.96779585099995, 36.879548027000055], [-76.96778981899996, 36.879557738000074], [-76.96775912699997, 36.87954540900006]]]}, "properties": {"id": 161, "status": "sold", "plot": "11", "owner": "RANDAL BRANCH", "lotsize": "10X20"}}, {"type": "Feature", "geometry": {"type": "Polygon", "coordinates": [[[-76.96774702299996, 36.87956477700004], [-76.96777777399996, 36.87957712800005], [-76.96777174999994, 36.87958683000005], [-76.96774099299995, 36.879574425000044], [-76.96774702299996, 36.87956477700004]]]}, "properties": {"id": 162, "status": "sold", "plot": "14", "owner": "RANDAL BRANCH", "lotsize": "10X20"}}, {"type": "Feature", "geometry": {"type": "Polygon", "coordinates": [[[-76.96774702299996, 36.87956477700004], [-76.96775307099995, 36.879555098000026], [-76.96778379399996, 36.87956743800004], [-76.96777777399996, 36.87957712800005], [-76.96774702299996, 36.87956477700004]]]}, "properties": {"id": 163, "status": "sold", "plot": "13", "owner": "RANDAL BRANCH", "lotsize": "10X20"}}, {"type": "Feature", "geometry": {"type": "Polygon", "coordinates": [[[-76.96776518699994, 36.879535711000074], [-76.96777125299997, 36.87952600400007], [-76.96780188699995, 36.879538309000054], [-76.96779585099995, 36.879548027000055], [-76.96776518699994, 36.879535711000074]]]}, "properties": {"id": 164, "status": "sold", "plot": "10", "owner": "RANDAL BRANCH", "lotsize": "10X20"}}, {"type": "Feature", "geometry": {"type": "Polygon", "coordinates": [[[-76.96775307099995, 36.879555098000026], [-76.96775912699997, 36.87954540900006], [-76.96778981899996, 36.879557738000074], [-76.96778379399996, 36.87956743800004], [-76.96775307099995, 36.879555098000026]]]}, "properties": {"id": 165, "status": "sold", "plot": "12", "owner": "RANDAL BRANCH", "lotsize": "10X20"}}, {"type": "Feature", "geometry": {"type": "Polygon", "coordinates": [[[-76.96772299099996, 36.87960279600003], [-76.96772900899998, 36.879593310000075], [-76.96775966299998, 36.87960553600004], [-76.96775360799995, 36.87961500600005], [-76.96772299099996, 36.87960279600003]]]}, "properties": {"id": 166, "status": "sold", "plot": "17", "owner": "KENNETH STALLARD", "lotsize": "10X20"}}, {"type": "Feature", "geometry": {"type": "Polygon", "coordinates": [[[-76.96771696599995, 36.87961229300004], [-76.96774754499995, 36.87962448600007], [-76.96774122199997, 36.87963437600007], [-76.96771118699996, 36.879621400000076], [-76.96771696599995, 36.87961229300004]]]}, "properties": {"id": 167, "status": "sold", "plot": "19", "owner": "KENNETH STALLARD", "lotsize": "10X20"}}, {"type": "Feature", "geometry": {"type": "Polygon", "coordinates": [[[-76.96773501999996, 36.87958383700004], [-76.96774102199998, 36.87957437700004], [-76.96777174999994, 36.87958663200004], [-76.96776571099997, 36.87959607700003], [-76.96773501999996, 36.87958383700004]]]}, "properties": {"id": 168, "status": "occupied", "plot": "15", "owner": "KENNETH STALLARD", "lotsize": "10X20"}}, {"type": "Feature", "geometry": {"type": "Polygon", "coordinates": [[[-76.96771696599995, 36.87961229300004], [-76.96772299099996, 36.87960279600003], [-76.96775360799995, 36.87961500600005], [-76.96774754499995, 36.87962448600007], [-76.96771696599995, 36.87961229300004]]]}, "properties": {"id": 169, "status": "sold", "plot": "18", "owner": "KENNETH STALLARD", "lotsize": "10X20"}}, {"type": "Feature", "geometry": {"type": "Polygon", "coordinates": [[[-76.96772900899998, 36.879593310000075], [-76.96773501999996, 36.87958383700004], [-76.96776571099997, 36.87959607700003], [-76.96775966299998, 36.87960553600004], [-76.96772900899998, 36.879593310000075]]]}, "properties": {"id": 170, "status": "occupied", "plot": "16", "owner": "KENNETH STALLARD", "lotsize": "10X20"}}, {"type": "Feature", "geometry": {"type": "Polygon", "coordinates": [[[-76.96751429799997, 36.879288313000075], [-76.96752079399994, 36.879273494000074], [-76.96755651299998, 36.879287402000045], [-76.96755062199998, 36.87929998000004], [-76.96751429799997, 36.879288313000075]]]}, "properties": {"id": 171, "status": "occupied", "plot": "1", "owner": "OSCAR BRANCH", "lotsize": "11X20"}}, {"type": "Feature", "geometry": {"type": "Polygon", "coordinates": [[[-76.96750206399997, 36.879316224000036], [-76.96750821299997, 36.87930219800006], [-76.96754417499994, 36.87931374900006], [-76.96753766199998, 36.87932765800008], [-76.96750206399997, 36.879316224000036]]]}, "properties": {"id": 172, "status": "occupied", "plot": "3", "owner": "OSCAR BRANCH", "lotsize": "11X20"}}, {"type": "Feature", "geometry": {"type": "Polygon", "coordinates": [[[-76.96750821299997, 36.87930219800006], [-76.96751429799997, 36.879288313000075], [-76.96755062199998, 36.87929998000004], [-76.96754417499994, 36.87931374900006], [-76.96750821299997, 36.87930219800006]]]}, "properties": {"id": 173, "status": "occupied", "plot": "2", "owner": "OSCAR BRANCH", "lotsize": "11X20"}}, {"type": "Feature", "geometry": {"type": "Polygon", "coordinates": [[[-76.96750206399997, 36.879316224000036], [-76.96753766199998, 36.87932765800008], [-76.96753107999996, 36.87934171300003], [-76.96749585199996, 36.879330398000036], [-76.96750206399997, 36.879316224000036]]]}, "properties": {"id": 174, "status": "occupied", "plot": "4", "owner": "OSCAR BRANCH", "lotsize": "11X20"}}, {"type": "Feature", "geometry": {"type": "Polygon", "coordinates": [[[-76.96748363899997, 36.87935841600006], [-76.96751827099996, 36.87936945400003], [-76.96751185899996, 36.879383234000045], [-76.96747725599994, 36.87937293700003], [-76.96748363899997, 36.87935841600006]]]}, "properties": {"id": 175, "status": "sold", "plot": "7", "owner": "ORICE HINES", "lotsize": "11X15"}}, {"type": "Feature", "geometry": {"type": "Polygon", "coordinates": [[[-76.96748982199995, 36.87934434600004], [-76.96749595099999, 36.87933040200005], [-76.96753121199998, 36.87934164100005], [-76.96752476999995, 36.87935548400003], [-76.96748982199995, 36.87934434600004]]]}, "properties": {"id": 176, "status": "occupied", "plot": "5", "owner": "ORICE HINES", "lotsize": "11X15"}}, {"type": "Feature", "geometry": {"type": "Polygon", "coordinates": [[[-76.96748363899997, 36.87935841600006], [-76.96748982199995, 36.87934434600004], [-76.96752476999995, 36.87935548400003], [-76.96751827099996, 36.87936945400003], [-76.96748363899997, 36.87935841600006]]]}, "properties": {"id": 177, "status": "occupied", "plot": "6", "owner": "ORICE HINES", "lotsize": "11X15"}}, {"type": "Feature", "geometry": {"type": "Polygon", "coordinates": [[[-76.96754637899994, 36.87954195800006], [-76.96755136899998, 36.87953174800003], [-76.96758148799995, 36.879542730000026], [-76.96757611299995, 36.879552800000056], [-76.96754637899994, 36.87954195800006]]]}, "properties": {"id": 178, "status": "occupied", "plot": "16", "owner": "RICHARD BRANTLEY", "lotsize": "20X16"}}, {"type": "Feature", "geometry": {"type": "Polygon", "coordinates": [[[-76.96757056699994, 36.879563192000035], [-76.96757597299995, 36.87955306200007], [-76.96760574299998, 36.87956387300005], [-76.96760033799995, 36.87957400300007], [-76.96757056699994, 36.879563192000035]]]}, "properties": {"id": 179, "status": "sold", "plot": "17", "owner": "RICHARD BRANTLEY", "lotsize": "20X16"}}, {"type": "Feature", "geometry": {"type": "Polygon", "coordinates": [[[-76.96754132399997, 36.879552303000025], [-76.96757066899994, 36.879563002000054], [-76.96756516099998, 36.879573321000066], [-76.96753619099997, 36.879562802000066], [-76.96754132399997, 36.879552303000025]]]}, "properties": {"id": 180, "status": "sold", "plot": "18", "owner": "RICHARD BRANTLEY", "lotsize": "20X16"}}, {"type": "Feature", "geometry": {"type": "Polygon", "coordinates": [[[-76.96755136899998, 36.87953174800003], [-76.96755629499995, 36.87952166700006], [-76.96758679399994, 36.87953278800006], [-76.96758148799995, 36.879542730000026], [-76.96755136899998, 36.87953174800003]]]}, "properties": {"id": 181, "status": "occupied", "plot": "15", "owner": "RICHARD BRANTLEY", "lotsize": "20X16"}}, {"type": "Feature", "geometry": {"type": "Polygon", "coordinates": [[[-76.96754132399997, 36.879552303000025], [-76.96754637899994, 36.87954195800006], [-76.96757611299995, 36.879552800000056], [-76.96757066899994, 36.879563002000054], [-76.96754132399997, 36.879552303000025]]]}, "properties": {"id": 182, "status": "sold", "plot": "17", "owner": "RICHARD BRANTLEY", "lotsize": "20X16"}}, {"type": "Feature", "geometry": {"type": "Polygon", "coordinates": [[[-76.96757597299995, 36.87955306200007], [-76.96758137799998, 36.879542935000075], [-76.96761114799995, 36.879553746000056], [-76.96760574299998, 36.87956387300005], [-76.96757597299995, 36.87955306200007]]]}, "properties": {"id": 183, "status": "sold", "plot": "16", "owner": "RICHARD BRANTLEY", "lotsize": "20X16"}}, {"type": "Feature", "geometry": {"type": "Polygon", "coordinates": [[[-76.96758137799998, 36.879542935000075], [-76.96758679399994, 36.87953278800006], [-76.96761654399995, 36.87954363500006], [-76.96761114799995, 36.879553746000056], [-76.96758137799998, 36.879542935000075]]]}, "properties": {"id": 184, "status": "sold", "plot": "15", "owner": "RICHARD BRANTLEY", "lotsize": "20X16"}}, {"type": "Feature", "geometry": {"type": "Polygon", "coordinates": [[[-76.96757056699994, 36.879563192000035], [-76.96760033799995, 36.87957400300007], [-76.96759493299999, 36.87958413200005], [-76.96756516099998, 36.879573321000066], [-76.96757056699994, 36.879563192000035]]]}, "properties": {"id": 185, "status": "sold", "plot": "18", "owner": "RICHARD BRANTLEY", "lotsize": "20X16"}}, {"type": "Feature", "geometry": {"type": "Polygon", "coordinates": [[[-76.96730980299998, 36.879210740000076], [-76.96731751599998, 36.87919534700006], [-76.96734976299996, 36.87920755600004], [-76.96734197699999, 36.87922291800004], [-76.96730980299998, 36.879210740000076]]]}, "properties": {"id": 186, "status": "occupied", "plot": "1", "owner": "W. WEST LAINE", "lotsize": "10X24"}}, {"type": "Feature", "geometry": {"type": "Polygon", "coordinates": [[[-76.96730980299998, 36.879210740000076], [-76.96734197699999, 36.87922291800004], [-76.96733430799998, 36.87923804700006], [-76.96730193699995, 36.87922643700006], [-76.96730980299998, 36.879210740000076]]]}, "properties": {"id": 187, "status": "occupied", "plot": "2", "owner": "W. WEST LAINE", "lotsize": "10X24"}}, {"type": "Feature", "geometry": {"type": "Polygon", "coordinates": [[[-76.96728925299999, 36.87925140800007], [-76.96732234799998, 36.87926344600004], [-76.96731660599994, 36.879275816000074], [-76.96731660699999, 36.879275317000065], [-76.96728286699994, 36.87926470200006], [-76.96728925299999, 36.87925140800007]]]}, "properties": {"id": 188, "status": "sold", "plot": "5", "owner": "BOBBY STEPHENSON", "lotsize": "10X14"}}, {"type": "Feature", "geometry": {"type": "Polygon", "coordinates": [[[-76.96728925299999, 36.87925140800007], [-76.96729533099995, 36.87923875800004], [-76.96732824999998, 36.87925073100007], [-76.96732234799998, 36.87926344600004], [-76.96728925299999, 36.87925140800007]]]}, "properties": {"id": 189, "status": "sold", "plot": "4", "owner": "BOBBY STEPHENSON", "lotsize": "10X14"}}, {"type": "Feature", "geometry": {"type": "Polygon", "coordinates": [[[-76.96729533099995, 36.87923875800004], [-76.96730144099996, 36.87922603800007], [-76.96733418399998, 36.879237948000025], [-76.96732824999998, 36.87925073100007], [-76.96729533099995, 36.87923875800004]]]}, "properties": {"id": 190, "status": "sold", "plot": "3", "owner": "BOBBY STEPHENSON", "lotsize": "10X14"}}, {"type": "Feature", "geometry": {"type": "Polygon", "coordinates": [[[-76.96731654599995, 36.87927549700004], [-76.96731660699999, 36.87927537200005], [-76.96731660599994, 36.879275516000064], [-76.96731654599995, 36.87927549700004]], [[-76.96731079099999, 36.87928735000003], [-76.96727743999998, 36.87927635600005], [-76.96728312499994, 36.87926478500003], [-76.96731654599995, 36.87927549700004], [-76.96731079099999, 36.87928735000003]]]}, "properties": {"id": 191, "status": "occupied", "plot": "6", "owner": "TOM BROADWAY", "lotsize": "10X4"}}, {"type": "Feature", "geometry": {"type": "Polygon", "coordinates": [[[-76.96730499799997, 36.87929857000006], [-76.96727215199996, 36.87928798400003], [-76.96727227199995, 36.87928774400007], [-76.96727190499996, 36.87928762200005], [-76.96727743999998, 36.87927635600005], [-76.96731079099999, 36.87928735000003], [-76.96730529499996, 36.87929866800005], [-76.96730499799997, 36.87929857000006]]]}, "properties": {"id": 192, "status": "occupied", "plot": "7", "owner": "JEAN WARD", "lotsize": "10X4"}}, {"type": "Feature", "geometry": {"type": "Polygon", "coordinates": [[[-76.96729990299997, 36.87930989600005], [-76.96726603899998, 36.879299282000034], [-76.96727152499994, 36.87928732300003], [-76.96730538899999, 36.87929833700008], [-76.96729990299997, 36.87930989600005]]]}, "properties": {"id": 193, "status": "occupied", "plot": "8", "owner": "JACK HARDT", "lotsize": "10X4"}}, {"type": "Feature", "geometry": {"type": "Polygon", "coordinates": [[[-76.96727106699996, 36.879193600000065], [-76.96730230399999, 36.879205641000055], [-76.96729537399995, 36.87921895000005], [-76.96726362299995, 36.879206543000066], [-76.96727106699996, 36.879193600000065]]]}, "properties": {"id": 194, "status": "sold", "plot": "2", "owner": "BULLS", "lotsize": "10X10"}}, {"type": "Feature", "geometry": {"type": "Polygon", "coordinates": [[[-76.96727106699996, 36.879193600000065], [-76.96727869599994, 36.87918033900007], [-76.96730932999998, 36.87919214600004], [-76.96730230399999, 36.879205641000055], [-76.96727106699996, 36.879193600000065]]]}, "properties": {"id": 195, "status": "sold", "plot": "1", "owner": "BULLS", "lotsize": "10X10"}}, {"type": "Feature", "geometry": {"type": "Polygon", "coordinates": [[[-76.96744604499997, 36.87926354100006], [-76.96744606099998, 36.879263510000044], [-76.96745203899997, 36.879265832000044], [-76.96744604499997, 36.87926354100006]]]}, "properties": {"id": 196, "status": "sold", "plot": null, "owner": "JIMMY RAIFORD", "lotsize": "10X20"}}, {"type": "Feature", "geometry": {"type": "Polygon", "coordinates": [[[-76.96739585999995, 36.87925330600007], [-76.96740178999994, 36.87924208800007], [-76.96743983399995, 36.879255158000035], [-76.96743427399997, 36.87926650600008], [-76.96739585999995, 36.87925330600007]]]}, "properties": {"id": 197, "status": "occupied", "plot": "2", "owner": "KENNETH WHITFIELD", "lotsize": "11X16"}}, {"type": "Feature", "geometry": {"type": "Polygon", "coordinates": [[[-76.96738998599994, 36.87926441800005], [-76.96739585999995, 36.87925330600007], [-76.96743427399997, 36.87926650600008], [-76.96742876999997, 36.879277744000035], [-76.96738998599994, 36.87926441800005]]]}, "properties": {"id": 198, "status": "occupied", "plot": "3", "owner": "KENNETH WHITFIELD", "lotsize": "11X16"}}, {"type": "Feature", "geometry": {"type": "Polygon", "coordinates": [[[-76.96738998599994, 36.87926441800005], [-76.96742876999997, 36.879277744000035], [-76.96742331699994, 36.87928887600003], [-76.96738416799997, 36.87927542600005], [-76.96738998599994, 36.87926441800005]]]}, "properties": {"id": 199, "status": "occupied", "plot": "4", "owner": "KENNETH WHITFIELD", "lotsize": "11X16"}}, {"type": "Feature", "geometry": {"type": "Polygon", "coordinates": [[[-76.96740178999994, 36.87924208800007], [-76.96740811699993, 36.879230118000066], [-76.96744513099998, 36.879244345000075], [-76.96743983399995, 36.879255158000035], [-76.96740178999994, 36.87924208800007]]]}, "properties": {"id": 200, "status": "sold", "plot": "1", "owner": "KENNETH WHITFIELD", "lotsize": "11X16"}}, {"type": "Feature", "geometry": {"type": "Polygon", "coordinates": [[[-76.96747674099998, 36.879275171000074], [-76.96748450799998, 36.87925972800008], [-76.96751683199994, 36.87927248600005], [-76.96750981299994, 36.879286438000065], [-76.96747674099998, 36.879275171000074]]]}, "properties": {"id": 201, "status": "occupied", "plot": "1", "owner": "JIMMY RAIFORD", "lotsize": "10X20"}}, {"type": "Feature", "geometry": {"type": "Polygon", "coordinates": [[[-76.96744557099998, 36.879263741000045], [-76.96747708899994, 36.87927447800007], [-76.96746934799995, 36.87928986600008], [-76.96743768899995, 36.87927908000006], [-76.96744557099998, 36.879263741000045]]]}, "properties": {"id": 202, "status": "occupied", "plot": "2", "owner": "JIMMY RAIFORD", "lotsize": "10X20"}}, {"type": "Feature", "geometry": {"type": "Polygon", "coordinates": [[[-76.96744557099998, 36.879263741000045], [-76.96745385099996, 36.879247629000076], [-76.96748450799998, 36.87925972800008], [-76.96747708899994, 36.87927447800007], [-76.96744557099998, 36.879263741000045]]]}, "properties": {"id": 203, "status": "occupied", "plot": "1", "owner": "JIMMY RAIFORD", "lotsize": "10X20"}}, {"type": "Feature", "geometry": {"type": "Polygon", "coordinates": [[[-76.96747674099998, 36.879275171000074], [-76.96750981299994, 36.879286438000065], [-76.96750242099995, 36.87930113400006], [-76.96746934799995, 36.87928986600008], [-76.96747674099998, 36.879275171000074]]]}, "properties": {"id": 204, "status": "occupied", "plot": "2", "owner": "JIMMY RAIFORD", "lotsize": "10X20"}}, {"type": "Feature", "geometry": {"type": "Polygon", "coordinates": [[[-76.96746455499994, 36.879303451000055], [-76.96747098899993, 36.87929023100003], [-76.96750280899994, 36.87930082300005], [-76.96749702199998, 36.879314573000045], [-76.96746455499994, 36.879303451000055]]]}, "properties": {"id": 205, "status": "sold", "plot": "3", "owner": "BOWDEN/HUNDLEY", "lotsize": "20X20?"}}, {"type": "Feature", "geometry": {"type": "Polygon", "coordinates": [[[-76.96741881399998, 36.87931746400005], [-76.96745217299997, 36.879328892000046], [-76.96744592399995, 36.879341734000036], [-76.96741256499996, 36.87933030600004], [-76.96741881399998, 36.87931746400005]]]}, "properties": {"id": 206, "status": "sold", "plot": "6", "owner": "BOWDEN/HUNDLEY", "lotsize": "20X20?"}}, {"type": "Feature", "geometry": {"type": "Polygon", "coordinates": [[[-76.96741881399998, 36.87931746400005], [-76.96742506399994, 36.87930462300005], [-76.96745842299998, 36.87931605000006], [-76.96745217299997, 36.879328892000046], [-76.96741881399998, 36.87931746400005]]]}, "properties": {"id": 207, "status": "occupied", "plot": "5", "owner": "BOWDEN/HUNDLEY", "lotsize": "20X20?"}}, {"type": "Feature", "geometry": {"type": "Polygon", "coordinates": [[[-76.96742506399994, 36.87930462300005], [-76.96743131299996, 36.87929178200005], [-76.96746467199995, 36.879303210000046], [-76.96745842299998, 36.87931605000006], [-76.96742506399994, 36.87930462300005]]]}, "properties": {"id": 208, "status": "occupied", "plot": "4", "owner": "BOWDEN/HUNDLEY", "lotsize": "20X20?"}}, {"type": "Feature", "geometry": {"type": "Polygon", "coordinates": [[[-76.96743131299996, 36.87929178200005], [-76.96743749499996, 36.87927907900007], [-76.96747098899993, 36.87929023100003], [-76.96746467199995, 36.879303210000046], [-76.96743131299996, 36.87929178200005]]]}, "properties": {"id": 209, "status": "sold", "plot": "3", "owner": "BOWDEN/HUNDLEY", "lotsize": "20X20?"}}, {"type": "Feature", "geometry": {"type": "Polygon", "coordinates": [[[-76.96745199999998, 36.87932924900008], [-76.96748594999997, 36.87934087900004], [-76.96748059099997, 36.879353611000056], [-76.96744592399995, 36.879341734000036], [-76.96745199999998, 36.87932924900008]]]}, "properties": {"id": 210, "status": "sold", "plot": "6", "owner": "BOWDEN/HUNDLEY", "lotsize": "20X20?"}}, {"type": "Feature", "geometry": {"type": "Polygon", "coordinates": [[[-76.96745199999998, 36.87932924900008], [-76.96745820799998, 36.87931649300003], [-76.96749142399995, 36.87932787300008], [-76.96748594999997, 36.87934087900004], [-76.96745199999998, 36.87932924900008]]]}, "properties": {"id": 211, "status": "occupied", "plot": "5", "owner": "BOWDEN/HUNDLEY", "lotsize": "20X20?"}}, {"type": "Feature", "geometry": {"type": "Polygon", "coordinates": [[[-76.96745820799998, 36.87931649300003], [-76.96746455499994, 36.879303451000055], [-76.96749702199998, 36.879314573000045], [-76.96749142399995, 36.87932787300008], [-76.96745820799998, 36.87931649300003]]]}, "properties": {"id": 212, "status": "occupied", "plot": "4", "owner": "BOWDEN/HUNDLEY", "lotsize": "20X20?"}}, {"type": "Feature", "geometry": {"type": "Polygon", "coordinates": [[[-76.96737122599995, 36.87930166500007], [-76.96741092999997, 36.87931477800004], [-76.96740499899994, 36.87932748600008], [-76.96736468699999, 36.87931417000004], [-76.96737122599995, 36.87930166500007]]]}, "properties": {"id": 213, "status": "occupied", "plot": "7", "owner": "J. ALLEN STEPHENSON", "lotsize": "11X15"}}, {"type": "Feature", "geometry": {"type": "Polygon", "coordinates": [[[-76.96737786899996, 36.87928896500006], [-76.96738474999995, 36.879275807000056], [-76.96742295199994, 36.879289019000055], [-76.96741695299994, 36.87930187400008], [-76.96737786899996, 36.87928896500006]]]}, "properties": {"id": 214, "status": "occupied", "plot": "5", "owner": "J. ALLEN STEPHENSON", "lotsize": "11X15"}}, {"type": "Feature", "geometry": {"type": "Polygon", "coordinates": [[[-76.96737122599995, 36.87930166500007], [-76.96737786899996, 36.87928896500006], [-76.96741695299994, 36.87930187400008], [-76.96741092999997, 36.87931477800004], [-76.96737122599995, 36.87930166500007]]]}, "properties": {"id": 215, "status": "occupied", "plot": "6", "owner": "J. ALLEN STEPHENSON", "lotsize": "11X15"}}, {"type": "Feature", "geometry": {"type": "Polygon", "coordinates": [[[-76.96740895999994, 36.87943493500006], [-76.96741314999997, 36.87942538800007], [-76.96741409799995, 36.87942327300004], [-76.96745021499999, 36.879434428000025], [-76.96744528199997, 36.87944615300006], [-76.96740895999994, 36.87943493500006]]]}, "properties": {"id": 216, "status": "occupied", "plot": "12", "owner": "CHARLIE MUMFORD", "lotsize": "10X18 UNMARKED"}}, {"type": "Feature", "geometry": {"type": "Polygon", "coordinates": [[[-76.96740386599998, 36.87944654100005], [-76.96744037399998, 36.87945781600007], [-76.96743548999996, 36.87946942000008], [-76.96743541199999, 36.87946939600005], [-76.96739879899997, 36.879458088000035], [-76.96740386599998, 36.87944654100005]]]}, "properties": {"id": 217, "status": "sold", "plot": "14", "owner": "CHARLIE MUMFORD", "lotsize": "10X18 UNMARKED"}}, {"type": "Feature", "geometry": {"type": "Polygon", "coordinates": [[[-76.96740386599998, 36.87944654100005], [-76.96740895999994, 36.87943493500006], [-76.96744528199997, 36.87944615300006], [-76.96744037399998, 36.87945781600007], [-76.96740386599998, 36.87944654100005]]]}, "properties": {"id": 218, "status": "sold", "plot": "13", "owner": "CHARLIE MUMFORD", "lotsize": "10X18 UNMARKED"}}, {"type": "Feature", "geometry": {"type": "Polygon", "coordinates": [[[-76.96741409799995, 36.87942327300004], [-76.96741934899995, 36.879411564000065], [-76.96745092199995, 36.87942129900006], [-76.96745498699994, 36.87942255300004], [-76.96745502099998, 36.879422473000034], [-76.96745521999998, 36.87942253500006], [-76.96745021499999, 36.879434428000025], [-76.96741409799995, 36.87942327300004]]]}, "properties": {"id": 219, "status": "occupied", "plot": "11", "owner": "CHARLIE MUMFORD", "lotsize": "10X18 UNMARKED"}}, {"type": "Feature", "geometry": {"type": "Polygon", "coordinates": [[[-76.96739381199995, 36.87946858400005], [-76.96739840099997, 36.87945770500005], [-76.96739862599998, 36.87945777600004], [-76.96739889899999, 36.87945786100005], [-76.96739879799998, 36.879458087000046], [-76.96743534299998, 36.87946937500004], [-76.96743541199999, 36.87946939600005], [-76.96743081099999, 36.87947993500006], [-76.96739381199995, 36.87946858400005]]]}, "properties": {"id": 220, "status": "occupied", "plot": "15", "owner": "LANNIE CHITWOOD", "lotsize": "10X20 UNMARKED"}}, {"type": "Feature", "geometry": {"type": "Polygon", "coordinates": [[[-76.96738931799996, 36.87947924100007], [-76.96739381199995, 36.87946858400005], [-76.96743081099999, 36.87947993500006], [-76.96742617799998, 36.879490549000025], [-76.96738931799996, 36.87947924100007]]]}, "properties": {"id": 221, "status": "sold", "plot": "16", "owner": "LANNIE CHITWOOD", "lotsize": "10X20 UNMARKED"}}, {"type": "Feature", "geometry": {"type": "Polygon", "coordinates": [[[-76.96738027799995, 36.87950067700007], [-76.96738445499994, 36.879490770000075], [-76.96738480699997, 36.87948993900005], [-76.96742152599995, 36.879501204000064], [-76.96741685699999, 36.87951190000007], [-76.96738027799995, 36.87950067700007]]]}, "properties": {"id": 222, "status": "sold", "plot": "18", "owner": "LANNIE CHITWOOD", "lotsize": "10X20 UNMARKED"}}, {"type": "Feature", "geometry": {"type": "Polygon", "coordinates": [[[-76.96738027799995, 36.87950067700007], [-76.96741685699999, 36.87951190000007], [-76.96741218699998, 36.87952259800005], [-76.96741216999999, 36.879522637000036], [-76.96737573099995, 36.879511458000025], [-76.96738027799995, 36.87950067700007]]]}, "properties": {"id": 223, "status": "sold", "plot": "19", "owner": "LANNIE CHITWOOD", "lotsize": "10X20 UNMARKED"}}, {"type": "Feature", "geometry": {"type": "Polygon", "coordinates": [[[-76.96738480699997, 36.87948993900005], [-76.96738931799996, 36.87947924100007], [-76.96742617799998, 36.879490549000025], [-76.96742152599995, 36.879501204000064], [-76.96738480699997, 36.87948993900005]]]}, "properties": {"id": 224, "status": "sold", "plot": "17", "owner": "LANNIE CHITWOOD", "lotsize": "10X20 UNMARKED"}}, {"type": "Feature", "geometry": {"type": "Polygon", "coordinates": [[[-76.96757458499997, 36.87971093900006], [-76.96758223699999, 36.87969843500008], [-76.96761143499998, 36.879709872000035], [-76.96760388799999, 36.87972241700004], [-76.96757458499997, 36.87971093900006]]]}, "properties": {"id": 225, "status": "sold", "plot": "27", "owner": "CHRIS & MELISSA CORNWELL", "lotsize": "10X40"}}, {"type": "Feature", "geometry": {"type": "Polygon", "coordinates": [[[-76.96762091099998, 36.87963523700006], [-76.96762873199998, 36.87962245800003], [-76.96765729299995, 36.87963364600006], [-76.96764957999994, 36.87964646700004], [-76.96762091099998, 36.87963523700006]]]}, "properties": {"id": 226, "status": "sold", "plot": "21", "owner": "CHRIS & MELISSA CORNWELL", "lotsize": "10X40"}}, {"type": "Feature", "geometry": {"type": "Polygon", "coordinates": [[[-76.96758991599995, 36.87968588700005], [-76.96759762199997, 36.87967329500003], [-76.96762660899998, 36.87968464900007], [-76.96761900799999, 36.87969728200005], [-76.96758991599995, 36.87968588700005]]]}, "properties": {"id": 227, "status": "sold", "plot": "25", "owner": "CHRIS & MELISSA CORNWELL", "lotsize": "10X40"}}, {"type": "Feature", "geometry": {"type": "Polygon", "coordinates": [[[-76.96753673099994, 36.879772795000065], [-76.96754424799997, 36.87976051100003], [-76.96757396599997, 36.879772152000044], [-76.96756655199994, 36.879784477000044], [-76.96753673099994, 36.879772795000065]]]}, "properties": {"id": 228, "status": "available", "plot": "32", "owner": null, "lotsize": null}}, {"type": "Feature", "geometry": {"type": "Polygon", "coordinates": [[[-76.96749215799997, 36.87984563200007], [-76.96749952399995, 36.87983359400005], [-76.96752985399996, 36.87984547700006], [-76.96752258899994, 36.87985755200003], [-76.96749215799997, 36.87984563200007]]]}, "properties": {"id": 229, "status": "available", "plot": "38", "owner": null, "lotsize": null}}, {"type": "Feature", "geometry": {"type": "Polygon", "coordinates": [[[-76.96761311999995, 36.879647970000065], [-76.96762091099998, 36.87963523700006], [-76.96764957999994, 36.87964646700004], [-76.96764189499999, 36.87965924100007], [-76.96761311999995, 36.879647970000065]]]}, "properties": {"id": 230, "status": "sold", "plot": "22", "owner": "CHRIS & MELISSA CORNWELL", "lotsize": "10X40"}}, {"type": "Feature", "geometry": {"type": "Polygon", "coordinates": [[[-76.96758223699999, 36.87969843500008], [-76.96758991599995, 36.87968588700005], [-76.96761900799999, 36.87969728200005], [-76.96761143499998, 36.879709872000035], [-76.96758223699999, 36.87969843500008]]]}, "properties": {"id": 231, "status": "sold", "plot": "26", "owner": "CHRIS & MELISSA CORNWELL", "lotsize": "10X40"}}, {"type": "Feature", "geometry": {"type": "Polygon", "coordinates": [[[-76.96762873199998, 36.87962245800003], [-76.96763620699994, 36.87961024100008], [-76.96766540499993, 36.87962016200004], [-76.96765729299995, 36.87963364600006], [-76.96762873199998, 36.87962245800003]]]}, "properties": {"id": 232, "status": "sold", "plot": "20", "owner": "CHRIS & MELISSA CORNWELL", "lotsize": "10X40"}}, {"type": "Feature", "geometry": {"type": "Polygon", "coordinates": [[[-76.96759762199997, 36.87967329500003], [-76.96760535599998, 36.879660655000066], [-76.96763423799996, 36.879671968000025], [-76.96762660899998, 36.87968464900007], [-76.96759762199997, 36.87967329500003]]]}, "properties": {"id": 233, "status": "sold", "plot": "24", "owner": "CHRIS & MELISSA CORNWELL", "lotsize": "10X40"}}, {"type": "Feature", "geometry": {"type": "Polygon", "coordinates": [[[-76.96752177199994, 36.87979723900003], [-76.96752923899999, 36.87978503800008], [-76.96755916199999, 36.87979676100008], [-76.96755179799999, 36.87980900000008], [-76.96752177199994, 36.87979723900003]]]}, "properties": {"id": 234, "status": "available", "plot": "34", "owner": null, "lotsize": null}}, {"type": "Feature", "geometry": {"type": "Polygon", "coordinates": [[[-76.96751433099996, 36.879809400000056], [-76.96752177199994, 36.87979723900003], [-76.96755179799999, 36.87980900000008], [-76.96754445899995, 36.87982119900005], [-76.96751433099996, 36.879809400000056]]]}, "properties": {"id": 235, "status": "available", "plot": "35", "owner": null, "lotsize": null}}, {"type": "Feature", "geometry": {"type": "Polygon", "coordinates": [[[-76.96749952399995, 36.87983359400005], [-76.96750691399996, 36.87982151800003], [-76.96753714399995, 36.87983335800004], [-76.96752985399996, 36.87984547700006], [-76.96749952399995, 36.87983359400005]]]}, "properties": {"id": 236, "status": "available", "plot": "37", "owner": null, "lotsize": null}}, {"type": "Feature", "geometry": {"type": "Polygon", "coordinates": [[[-76.96748481499998, 36.87985763000006], [-76.96749215799997, 36.87984563200007], [-76.96752258899994, 36.87985755200003], [-76.96751534699996, 36.879869590000055], [-76.96748481499998, 36.87985763000006]]]}, "properties": {"id": 237, "status": "available", "plot": "39", "owner": null, "lotsize": null}}, {"type": "Feature", "geometry": {"type": "Polygon", "coordinates": [[[-76.96760535599998, 36.879660655000066], [-76.96761311999995, 36.879647970000065], [-76.96764189499999, 36.87965924100007], [-76.96763423799996, 36.879671968000025], [-76.96760535599998, 36.879660655000066]]]}, "properties": {"id": 238, "status": "sold", "plot": "23", "owner": "CHRIS & MELISSA CORNWELL", "lotsize": "10X40"}}, {"type": "Feature", "geometry": {"type": "Polygon", "coordinates": [[[-76.96755936299996, 36.879735812000035], [-76.96756696099999, 36.87972339700008], [-76.96759636699994, 36.879734917000064], [-76.96758887399994, 36.879747372000054], [-76.96755936299996, 36.879735812000035]]]}, "properties": {"id": 239, "status": "available", "plot": "29", "owner": null, "lotsize": null}}, {"type": "Feature", "geometry": {"type": "Polygon", "coordinates": [[[-76.96747749799994, 36.879869590000055], [-76.96748481499998, 36.87985763000006], [-76.96751534699996, 36.879869590000055], [-76.96750812899995, 36.879881588000046], [-76.96747749799994, 36.879869590000055]]]}, "properties": {"id": 240, "status": "available", "plot": "40", "owner": null, "lotsize": null}}, {"type": "Feature", "geometry": {"type": "Polygon", "coordinates": [[[-76.96750691399996, 36.87982151800003], [-76.96751433099996, 36.879809400000056], [-76.96754445899995, 36.87982119900005], [-76.96753714399995, 36.87983335800004], [-76.96750691399996, 36.87982151800003]]]}, "properties": {"id": 241, "status": "available", "plot": "36", "owner": null, "lotsize": null}}, {"type": "Feature", "geometry": {"type": "Polygon", "coordinates": [[[-76.96747749799994, 36.879869590000055], [-76.96750812899995, 36.879881588000046], [-76.96750093399999, 36.87989354800004], [-76.96747020299995, 36.879881510000075], [-76.96747749799994, 36.879869590000055]]]}, "properties": {"id": 242, "status": "available", "plot": "41", "owner": null, "lotsize": null}}, {"type": "Feature", "geometry": {"type": "Polygon", "coordinates": [[[-76.96756696099999, 36.87972339700008], [-76.96757458499997, 36.87971093900006], [-76.96760388799999, 36.87972241700004], [-76.96759636699994, 36.879734917000064], [-76.96756696099999, 36.87972339700008]]]}, "properties": {"id": 243, "status": "available", "plot": "28", "owner": null, "lotsize": null}}, {"type": "Feature", "geometry": {"type": "Polygon", "coordinates": [[[-76.96754424799997, 36.87976051100003], [-76.96755179199994, 36.87974818300006], [-76.96758140699995, 36.87975978400004], [-76.96757396599997, 36.879772152000044], [-76.96754424799997, 36.87976051100003]]]}, "properties": {"id": 244, "status": "available", "plot": "31", "owner": null, "lotsize": null}}, {"type": "Feature", "geometry": {"type": "Polygon", "coordinates": [[[-76.96752923899999, 36.87978503800008], [-76.96753673099994, 36.879772795000065], [-76.96756655199994, 36.879784477000044], [-76.96755916199999, 36.87979676100008], [-76.96752923899999, 36.87978503800008]]]}, "properties": {"id": 245, "status": "available", "plot": "33", "owner": null, "lotsize": null}}, {"type": "Feature", "geometry": {"type": "Polygon", "coordinates": [[[-76.96755179199994, 36.87974818300006], [-76.96755936299996, 36.879735812000035], [-76.96758887399994, 36.879747372000054], [-76.96758140699995, 36.87975978400004], [-76.96755179199994, 36.87974818300006]]]}, "properties": {"id": 246, "status": "available", "plot": "30", "owner": null, "lotsize": null}}, {"type": "Feature", "geometry": {"type": "Polygon", "coordinates": [[[-76.96760646699994, 36.87979574000008], [-76.96761392399998, 36.879783444000054], [-76.96764418999999, 36.87979530000007], [-76.96763682199997, 36.87980763100006], [-76.96760646699994, 36.87979574000008]]]}, "properties": {"id": 247, "status": "available", "plot": "33", "owner": null, "lotsize": null}}, {"type": "Feature", "geometry": {"type": "Polygon", "coordinates": [[[-76.96768865199994, 36.879659306000065], [-76.96768108299995, 36.879671786000074], [-76.96765122599999, 36.87966009000007], [-76.96765879299994, 36.879647609000074], [-76.96768865199994, 36.879659306000065]]]}, "properties": {"id": 248, "status": "available", "plot": "23", "owner": null, "lotsize": null}}, {"type": "Feature", "geometry": {"type": "Polygon", "coordinates": [[[-76.96770388199997, 36.87963431000003], [-76.96771148599998, 36.879621772000064], [-76.96774106599997, 36.87963315700006], [-76.96773345699995, 36.87964589500007], [-76.96770388199997, 36.87963431000003]]]}, "properties": {"id": 249, "status": "available", "plot": "20", "owner": null, "lotsize": null}}, {"type": "Feature", "geometry": {"type": "Polygon", "coordinates": [[[-76.96762134799997, 36.87977111600003], [-76.96761387999999, 36.87978342700006], [-76.96758361499997, 36.87977157100005], [-76.96759108199996, 36.879759259000025], [-76.96762134799997, 36.87977111600003]]]}, "properties": {"id": 250, "status": "available", "plot": "32", "owner": null, "lotsize": null}}, {"type": "Feature", "geometry": {"type": "Polygon", "coordinates": [[[-76.96764363699998, 36.87973399400005], [-76.96765114799996, 36.87972160700008], [-76.96768118799997, 36.87973337500006], [-76.96767376699995, 36.879745796000066], [-76.96764363699998, 36.87973399400005]]]}, "properties": {"id": 251, "status": "available", "plot": "28", "owner": null, "lotsize": null}}, {"type": "Feature", "geometry": {"type": "Polygon", "coordinates": [[[-76.96754024699999, 36.879905747000066], [-76.96754760599998, 36.879893613000036], [-76.96757827199997, 36.87990562600004], [-76.96757100099995, 36.87991779500004], [-76.96754024699999, 36.879905747000066]]]}, "properties": {"id": 252, "status": "available", "plot": "42", "owner": null, "lotsize": null}}, {"type": "Feature", "geometry": {"type": "Polygon", "coordinates": [[[-76.96763618299997, 36.87974638000003], [-76.96764368199996, 36.87973401200003], [-76.96767376699995, 36.879745796000066], [-76.96766635599994, 36.87975819900004], [-76.96763618299997, 36.87974638000003]]]}, "properties": {"id": 253, "status": "available", "plot": "29", "owner": null, "lotsize": null}}, {"type": "Feature", "geometry": {"type": "Polygon", "coordinates": [[[-76.96756226899998, 36.87986925600006], [-76.96755488899998, 36.879881426000054], [-76.96752426799998, 36.87986943100003], [-76.96753164799998, 36.87985726100004], [-76.96756226899998, 36.87986925600006]]]}, "properties": {"id": 254, "status": "available", "plot": "40", "owner": null, "lotsize": null}}, {"type": "Feature", "geometry": {"type": "Polygon", "coordinates": [[[-76.96767356999999, 36.87968426400005], [-76.96768112799998, 36.879671803000065], [-76.96771098699998, 36.879683499000066], [-76.96770352099998, 36.879695996000066], [-76.96767356999999, 36.87968426400005]]]}, "properties": {"id": 255, "status": "available", "plot": "24", "owner": null, "lotsize": null}}, {"type": "Feature", "geometry": {"type": "Polygon", "coordinates": [[[-76.96768860599997, 36.87965928800003], [-76.96769618699994, 36.87964678900005], [-76.96772595499993, 36.87965844800004], [-76.96771846399997, 36.879670985000075], [-76.96768860599997, 36.87965928800003]]]}, "properties": {"id": 256, "status": "available", "plot": "22", "owner": null, "lotsize": null}}, {"type": "Feature", "geometry": {"type": "Polygon", "coordinates": [[[-76.96756222499994, 36.87986924000006], [-76.96756961499995, 36.879857051000045], [-76.96760014799997, 36.87986901100004], [-76.96759284399997, 36.87988123400004], [-76.96756222499994, 36.87986924000006]]]}, "properties": {"id": 257, "status": "sold", "plot": "39", "owner": "Neil Cutright", "lotsize": "10X10"}}, {"type": "Feature", "geometry": {"type": "Polygon", "coordinates": [[[-76.96766611599998, 36.87969674300007], [-76.96765858299995, 36.87970916800003], [-76.96762858699998, 36.879697418000035], [-76.96763612099994, 36.87968499400006], [-76.96766611599998, 36.87969674300007]]]}, "properties": {"id": 258, "status": "sold", "plot": "26", "owner": "Neil Cutright", "lotsize": "10X10"}}, {"type": "Feature", "geometry": {"type": "Polygon", "coordinates": [[[-76.96759167599998, 36.87982031200005], [-76.96759910999998, 36.879808052000044], [-76.96762946499996, 36.879819944000076], [-76.96762211999999, 36.87983223800006], [-76.96759167599998, 36.87982031200005]]]}, "properties": {"id": 259, "status": "available", "plot": "35", "owner": null, "lotsize": null}}, {"type": "Feature", "geometry": {"type": "Polygon", "coordinates": [[[-76.96766606999995, 36.87969672500003], [-76.96767361799994, 36.87968428200003], [-76.96770352099998, 36.879695996000066], [-76.96769606599997, 36.87970847500003], [-76.96766606999995, 36.87969672500003]]]}, "properties": {"id": 260, "status": "available", "plot": "25", "owner": null, "lotsize": null}}, {"type": "Feature", "geometry": {"type": "Polygon", "coordinates": [[[-76.96765110399997, 36.87972159100008], [-76.96765862599995, 36.879709184000035], [-76.96768862099998, 36.87972093500008], [-76.96768118799997, 36.87973337500006], [-76.96765110399997, 36.87972159100008]]]}, "properties": {"id": 261, "status": "available", "plot": "27", "owner": null, "lotsize": null}}, {"type": "Feature", "geometry": {"type": "Polygon", "coordinates": [[[-76.96757697399994, 36.879844830000025], [-76.96756957199995, 36.87985703500004], [-76.96753903799998, 36.87984507500005], [-76.96754643999998, 36.87983286900004], [-76.96757697399994, 36.879844830000025]]]}, "properties": {"id": 262, "status": "available", "plot": "38", "owner": null, "lotsize": null}}, {"type": "Feature", "geometry": {"type": "Polygon", "coordinates": [[[-76.96757692599994, 36.879844811000055], [-76.96758433999997, 36.87983258700007], [-76.96761478499997, 36.87984451300008], [-76.96760746199999, 36.87985677100005], [-76.96757692599994, 36.879844811000055]]]}, "properties": {"id": 263, "status": "available", "plot": "37", "owner": null, "lotsize": null}}, {"type": "Feature", "geometry": {"type": "Polygon", "coordinates": [[[-76.96770373299995, 36.87963425200007], [-76.96769614199997, 36.87964677100007], [-76.96766637199994, 36.87963511100003], [-76.96767396499996, 36.87962259100004], [-76.96770373299995, 36.87963425200007]]]}, "properties": {"id": 264, "status": "available", "plot": "21", "owner": null, "lotsize": null}}, {"type": "Feature", "geometry": {"type": "Polygon", "coordinates": [[[-76.96754756299998, 36.879893596000045], [-76.96755493299997, 36.879881443000045], [-76.96758555399998, 36.87989343800007], [-76.96757827199997, 36.87990562600004], [-76.96754756299998, 36.879893596000045]]]}, "properties": {"id": 265, "status": "available", "plot": "41", "owner": null, "lotsize": null}}, {"type": "Feature", "geometry": {"type": "Polygon", "coordinates": [[[-76.96762873599994, 36.87975874800003], [-76.96763622499998, 36.879746397000076], [-76.96766635599994, 36.87975819900004], [-76.96765895499993, 36.879770585000074], [-76.96762873599994, 36.87975874800003]]]}, "properties": {"id": 266, "status": "available", "plot": "30", "owner": null, "lotsize": null}}, {"type": "Feature", "geometry": {"type": "Polygon", "coordinates": [[[-76.96759906699998, 36.87980803600004], [-76.96760651199997, 36.87979575800006], [-76.96763682199997, 36.87980763100006], [-76.96762946499996, 36.879819944000076], [-76.96759906699998, 36.87980803600004]]]}, "properties": {"id": 267, "status": "available", "plot": "34", "owner": null, "lotsize": null}}, {"type": "Feature", "geometry": {"type": "Polygon", "coordinates": [[[-76.96762130099995, 36.87977109700006], [-76.96762877899994, 36.879758765000076], [-76.96765895499993, 36.879770585000074], [-76.96765156699996, 36.87978295200003], [-76.96762130099995, 36.87977109700006]]]}, "properties": {"id": 268, "status": "available", "plot": "31", "owner": null, "lotsize": null}}, {"type": "Feature", "geometry": {"type": "Polygon", "coordinates": [[[-76.96759172199995, 36.87982032900004], [-76.96758429799996, 36.879832571000065], [-76.96755385399996, 36.87982064500005], [-76.96756127799995, 36.87980840400007], [-76.96759172199995, 36.87982032900004]]]}, "properties": {"id": 269, "status": "available", "plot": "36", "owner": null, "lotsize": null}}, {"type": "Feature", "geometry": {"type": "Polygon", "coordinates": [[[-76.96771148599998, 36.879621772000064], [-76.96770388199997, 36.87963431000003], [-76.96767396499996, 36.87962259100004], [-76.96768146899996, 36.87961021900003], [-76.96771148599998, 36.879621772000064]]]}, "properties": {"id": 270, "status": "available", "plot": "20", "owner": null, "lotsize": null}}, {"type": "Feature", "geometry": {"type": "Polygon", "coordinates": [[[-76.96769614199997, 36.87964677100007], [-76.96770373299995, 36.87963425200007], [-76.96773345699995, 36.87964589500007], [-76.96772595499993, 36.87965844800004], [-76.96769614199997, 36.87964677100007]]]}, "properties": {"id": 271, "status": "available", "plot": "21", "owner": null, "lotsize": null}}, {"type": "Feature", "geometry": {"type": "Polygon", "coordinates": [[[-76.96769618699994, 36.87964678900005], [-76.96768860599997, 36.87965928800003], [-76.96765879299994, 36.879647609000074], [-76.96766637199994, 36.87963511100003], [-76.96769618699994, 36.87964678900005]]]}, "properties": {"id": 272, "status": "available", "plot": "22", "owner": null, "lotsize": null}}, {"type": "Feature", "geometry": {"type": "Polygon", "coordinates": [[[-76.96768108299995, 36.879671786000074], [-76.96768865199994, 36.879659306000065], [-76.96771846399997, 36.879670985000075], [-76.96771098699998, 36.879683499000066], [-76.96768108299995, 36.879671786000074]]]}, "properties": {"id": 273, "status": "available", "plot": "23", "owner": null, "lotsize": null}}, {"type": "Feature", "geometry": {"type": "Polygon", "coordinates": [[[-76.96768112799998, 36.879671803000065], [-76.96767356999999, 36.87968426400005], [-76.96764366799994, 36.879672552000045], [-76.96765122599999, 36.87966009000007], [-76.96768112799998, 36.879671803000065]]]}, "properties": {"id": 274, "status": "available", "plot": "24", "owner": null, "lotsize": null}}, {"type": "Feature", "geometry": {"type": "Polygon", "coordinates": [[[-76.96767361799994, 36.87968428200003], [-76.96766606999995, 36.87969672500003], [-76.96763612099994, 36.87968499400006], [-76.96764366799994, 36.879672552000045], [-76.96767361799994, 36.87968428200003]]]}, "properties": {"id": 275, "status": "available", "plot": "25", "owner": null, "lotsize": null}}, {"type": "Feature", "geometry": {"type": "Polygon", "coordinates": [[[-76.96765858299995, 36.87970916800003], [-76.96766611599998, 36.87969674300007], [-76.96769606599997, 36.87970847500003], [-76.96768862099998, 36.87972093500008], [-76.96765858299995, 36.87970916800003]]]}, "properties": {"id": 276, "status": "available", "plot": "26", "owner": null, "lotsize": null}}, {"type": "Feature", "geometry": {"type": "Polygon", "coordinates": [[[-76.96765862599995, 36.879709184000035], [-76.96765110399997, 36.87972159100008], [-76.96762106399996, 36.87970982400003], [-76.96762858699998, 36.879697418000035], [-76.96765862599995, 36.879709184000035]]]}, "properties": {"id": 277, "status": "available", "plot": "27", "owner": null, "lotsize": null}}, {"type": "Feature", "geometry": {"type": "Polygon", "coordinates": [[[-76.96765114799996, 36.87972160700008], [-76.96764363699998, 36.87973399400005], [-76.96761355199999, 36.87972221000007], [-76.96762106399996, 36.87970982400003], [-76.96765114799996, 36.87972160700008]]]}, "properties": {"id": 278, "status": "available", "plot": "28", "owner": null, "lotsize": null}}, {"type": "Feature", "geometry": {"type": "Polygon", "coordinates": [[[-76.96764368199996, 36.87973401200003], [-76.96763618299997, 36.87974638000003], [-76.96760605099996, 36.87973457700008], [-76.96761355199999, 36.87972221000007], [-76.96764368199996, 36.87973401200003]]]}, "properties": {"id": 279, "status": "available", "plot": "29", "owner": null, "lotsize": null}}, {"type": "Feature", "geometry": {"type": "Polygon", "coordinates": [[[-76.96763622499998, 36.879746397000076], [-76.96762873599994, 36.87975874800003], [-76.96759856099999, 36.87974692700004], [-76.96760605099996, 36.87973457700008], [-76.96763622499998, 36.879746397000076]]]}, "properties": {"id": 280, "status": "available", "plot": "30", "owner": null, "lotsize": null}}, {"type": "Feature", "geometry": {"type": "Polygon", "coordinates": [[[-76.96762877899994, 36.879758765000076], [-76.96762130099995, 36.87977109700006], [-76.96759108199996, 36.879759259000025], [-76.96759856099999, 36.87974692700004], [-76.96762877899994, 36.879758765000076]]]}, "properties": {"id": 281, "status": "available", "plot": "31", "owner": null, "lotsize": null}}, {"type": "Feature", "geometry": {"type": "Polygon", "coordinates": [[[-76.96761387999999, 36.87978342700006], [-76.96762134799997, 36.87977111600003], [-76.96765156699996, 36.87978295200003], [-76.96764418999999, 36.87979530000007], [-76.96761387999999, 36.87978342700006]]]}, "properties": {"id": 282, "status": "available", "plot": "32", "owner": null, "lotsize": null}}, {"type": "Feature", "geometry": {"type": "Polygon", "coordinates": [[[-76.96761392399998, 36.879783444000054], [-76.96760646699994, 36.87979574000008], [-76.96757615799999, 36.87978386800006], [-76.96758361499997, 36.87977157100005], [-76.96761392399998, 36.879783444000054]]]}, "properties": {"id": 283, "status": "available", "plot": "33", "owner": null, "lotsize": null}}, {"type": "Feature", "geometry": {"type": "Polygon", "coordinates": [[[-76.96760651199997, 36.87979575800006], [-76.96759906699998, 36.87980803600004], [-76.96756871199995, 36.87979614400007], [-76.96757615799999, 36.87978386800006], [-76.96760651199997, 36.87979575800006]]]}, "properties": {"id": 284, "status": "available", "plot": "34", "owner": null, "lotsize": null}}, {"type": "Feature", "geometry": {"type": "Polygon", "coordinates": [[[-76.96759910999998, 36.879808052000044], [-76.96759167599998, 36.87982031200005], [-76.96756127799995, 36.87980840400007], [-76.96756871199995, 36.87979614400007], [-76.96759910999998, 36.879808052000044]]]}, "properties": {"id": 285, "status": "available", "plot": "35", "owner": null, "lotsize": null}}, {"type": "Feature", "geometry": {"type": "Polygon", "coordinates": [[[-76.96758429799996, 36.879832571000065], [-76.96759172199995, 36.87982032900004], [-76.96762211999999, 36.87983223800006], [-76.96761478499997, 36.87984451300008], [-76.96758429799996, 36.879832571000065]]]}, "properties": {"id": 286, "status": "available", "plot": "36", "owner": null, "lotsize": null}}, {"type": "Feature", "geometry": {"type": "Polygon", "coordinates": [[[-76.96758433999997, 36.87983258700007], [-76.96757692599994, 36.879844811000055], [-76.96754643999998, 36.87983286900004], [-76.96755385399996, 36.87982064500005], [-76.96758433999997, 36.87983258700007]]]}, "properties": {"id": 287, "status": "available", "plot": "37", "owner": null, "lotsize": null}}, {"type": "Feature", "geometry": {"type": "Polygon", "coordinates": [[[-76.96756957199995, 36.87985703500004], [-76.96757697399994, 36.879844830000025], [-76.96760746199999, 36.87985677100005], [-76.96760014799997, 36.87986901100004], [-76.96756957199995, 36.87985703500004]]]}, "properties": {"id": 288, "status": "available", "plot": "38", "owner": null, "lotsize": null}}, {"type": "Feature", "geometry": {"type": "Polygon", "coordinates": [[[-76.96756961499995, 36.879857051000045], [-76.96756222499994, 36.87986924000006], [-76.96753164799998, 36.87985726100004], [-76.96753903799998, 36.87984507500005], [-76.96756961499995, 36.879857051000045]]]}, "properties": {"id": 289, "status": "available", "plot": "39", "owner": null, "lotsize": null}}, {"type": "Feature", "geometry": {"type": "Polygon", "coordinates": [[[-76.96755488899998, 36.879881426000054], [-76.96756226899998, 36.87986925600006], [-76.96759284399997, 36.87988123400004], [-76.96758555399998, 36.87989343800007], [-76.96755488899998, 36.879881426000054]]]}, "properties": {"id": 290, "status": "available", "plot": "40", "owner": null, "lotsize": null}}, {"type": "Feature", "geometry": {"type": "Polygon", "coordinates": [[[-76.96755493299997, 36.879881443000045], [-76.96754756299998, 36.879893596000045], [-76.96751689799999, 36.87988158400003], [-76.96752426799998, 36.87986943100003], [-76.96755493299997, 36.879881443000045]]]}, "properties": {"id": 291, "status": "available", "plot": "41", "owner": null, "lotsize": null}}, {"type": "Feature", "geometry": {"type": "Polygon", "coordinates": [[[-76.96754760599998, 36.879893613000036], [-76.96754024699999, 36.879905747000066], [-76.96750953999998, 36.87989371900005], [-76.96751689799999, 36.87988158400003], [-76.96754760599998, 36.879893613000036]]]}, "properties": {"id": 292, "status": "available", "plot": "42", "owner": null, "lotsize": null}}, {"type": "Feature", "geometry": {"type": "Polygon", "coordinates": [[[-76.96784240599999, 36.87956543100006], [-76.96784991499999, 36.879553060000035], [-76.96788026299998, 36.87956494700006], [-76.96787275499997, 36.87957731800003], [-76.96784240599999, 36.87956543100006]]]}, "properties": {"id": 293, "status": "available", "plot": "9", "owner": null, "lotsize": null}}, {"type": "Feature", "geometry": {"type": "Polygon", "coordinates": [[[-76.96778233999999, 36.87966439100006], [-76.96777483399995, 36.87967676000005], [-76.96774448599996, 36.879664873000024], [-76.96775199299998, 36.879652504000035], [-76.96778233999999, 36.87966439100006]]]}, "properties": {"id": 294, "status": "available", "plot": "18", "owner": null, "lotsize": null}}, {"type": "Feature", "geometry": {"type": "Polygon", "coordinates": [[[-76.96784240599999, 36.87956543100006], [-76.96783489999996, 36.87957780100004], [-76.96780455299995, 36.87956591300008], [-76.96781205999997, 36.87955354400003], [-76.96784240599999, 36.87956543100006]]]}, "properties": {"id": 295, "status": "available", "plot": "10", "owner": null, "lotsize": null}}, {"type": "Feature", "geometry": {"type": "Polygon", "coordinates": [[[-76.96778984699995, 36.87965202000004], [-76.96779735399997, 36.87963965000006], [-76.96782770399994, 36.879651538000076], [-76.96782019599993, 36.879663908000055], [-76.96778984699995, 36.87965202000004]]]}, "properties": {"id": 296, "status": "available", "plot": "16", "owner": null, "lotsize": null}}, {"type": "Feature", "geometry": {"type": "Polygon", "coordinates": [[[-76.96782738999997, 36.87959016900004], [-76.96781988399994, 36.879602539000075], [-76.96778953599994, 36.87959065200005], [-76.96779704499994, 36.87957828200007], [-76.96782738999997, 36.87959016900004]]]}, "properties": {"id": 297, "status": "available", "plot": "12", "owner": null, "lotsize": null}}, {"type": "Feature", "geometry": {"type": "Polygon", "coordinates": [[[-76.96778233999999, 36.87966439100006], [-76.96778984799994, 36.87965202100003], [-76.96782019599993, 36.879663908000055], [-76.96781268799998, 36.879676278000034], [-76.96778233999999, 36.87966439100006]]]}, "properties": {"id": 298, "status": "available", "plot": "17", "owner": null, "lotsize": null}}, {"type": "Feature", "geometry": {"type": "Polygon", "coordinates": [[[-76.96783489799998, 36.87957780000005], [-76.96782739199995, 36.87959016900004], [-76.96779704499994, 36.87957828200007], [-76.96780455299995, 36.87956591300008], [-76.96783489799998, 36.87957780000005]]]}, "properties": {"id": 299, "status": "available", "plot": "11", "owner": null, "lotsize": null}}, {"type": "Feature", "geometry": {"type": "Polygon", "coordinates": [[[-76.96785742499998, 36.879540690000056], [-76.96784991699997, 36.879553061000024], [-76.96781956799998, 36.879541173000064], [-76.96782707599994, 36.87952880300003], [-76.96785742499998, 36.879540690000056]]]}, "properties": {"id": 300, "status": "available", "plot": "8", "owner": null, "lotsize": null}}, {"type": "Feature", "geometry": {"type": "Polygon", "coordinates": [[[-76.96777483299996, 36.87967676000005], [-76.96776732599994, 36.87968913000003], [-76.96773697799995, 36.87967724200007], [-76.96774448599996, 36.879664873000024], [-76.96777483299996, 36.87967676000005]]]}, "properties": {"id": 301, "status": "available", "plot": "19", "owner": null, "lotsize": null}}, {"type": "Feature", "geometry": {"type": "Polygon", "coordinates": [[[-76.96786451099996, 36.879528150000056], [-76.96785700199996, 36.87954052600003], [-76.96782707599994, 36.87952880300003], [-76.96783479299995, 36.87951608900005], [-76.96786451099996, 36.879528150000056]]]}, "properties": {"id": 302, "status": "available", "plot": "7", "owner": null, "lotsize": null}}, {"type": "Feature", "geometry": {"type": "Polygon", "coordinates": [[[-76.96781237399995, 36.87961491000004], [-76.96780486699998, 36.87962728100007], [-76.96777451899999, 36.87961539400004], [-76.96778202699994, 36.87960302300007], [-76.96781237399995, 36.87961491000004]]]}, "properties": {"id": 303, "status": "available", "plot": "14", "owner": null, "lotsize": null}}, {"type": "Feature", "geometry": {"type": "Polygon", "coordinates": [[[-76.96781237499994, 36.87961491000004], [-76.96781988099997, 36.87960253800003], [-76.96785022899996, 36.879614426000046], [-76.96784271999996, 36.87962679700007], [-76.96781237499994, 36.87961491000004]]]}, "properties": {"id": 304, "status": "available", "plot": "13", "owner": null, "lotsize": null}}, {"type": "Feature", "geometry": {"type": "Polygon", "coordinates": [[[-76.96779735499996, 36.87963965000006], [-76.96780486299997, 36.87962727900003], [-76.96783521199995, 36.87963916700005], [-76.96782770399994, 36.879651538000076], [-76.96779735499996, 36.87963965000006]]]}, "properties": {"id": 305, "status": "available", "plot": "15", "owner": null, "lotsize": null}}, {"type": "Feature", "geometry": {"type": "Polygon", "coordinates": [[[-76.96776732599994, 36.87968913000003], [-76.96777483299996, 36.87967676000005], [-76.96780517899998, 36.87968864700008], [-76.96779767099997, 36.87970101700006], [-76.96776732599994, 36.87968913000003]]]}, "properties": {"id": 306, "status": "available", "plot": "19", "owner": null, "lotsize": null}}, {"type": "Feature", "geometry": {"type": "Polygon", "coordinates": [[[-76.96777483399995, 36.87967676000005], [-76.96778233999999, 36.87966439100006], [-76.96781268799998, 36.879676278000034], [-76.96780517899998, 36.87968864700008], [-76.96777483399995, 36.87967676000005]]]}, "properties": {"id": 307, "status": "available", "plot": "18", "owner": null, "lotsize": null}}, {"type": "Feature", "geometry": {"type": "Polygon", "coordinates": [[[-76.96778984799994, 36.87965202100003], [-76.96778233999999, 36.87966439100006], [-76.96775199299998, 36.879652504000035], [-76.96775950199998, 36.879640135000045], [-76.96778984799994, 36.87965202100003]]]}, "properties": {"id": 308, "status": "available", "plot": "17", "owner": null, "lotsize": null}}, {"type": "Feature", "geometry": {"type": "Polygon", "coordinates": [[[-76.96779735399997, 36.87963965000006], [-76.96778984699995, 36.87965202000004], [-76.96775950199998, 36.879640135000045], [-76.96776700999999, 36.87962776400008], [-76.96779735399997, 36.87963965000006]]]}, "properties": {"id": 309, "status": "available", "plot": "16", "owner": null, "lotsize": null}}, {"type": "Feature", "geometry": {"type": "Polygon", "coordinates": [[[-76.96780486299997, 36.87962727900003], [-76.96779735499996, 36.87963965000006], [-76.96776700999999, 36.87962776400008], [-76.96777451899999, 36.87961539400004], [-76.96780486299997, 36.87962727900003]]]}, "properties": {"id": 310, "status": "available", "plot": "15", "owner": null, "lotsize": null}}, {"type": "Feature", "geometry": {"type": "Polygon", "coordinates": [[[-76.96780486699998, 36.87962728100007], [-76.96781237399995, 36.87961491000004], [-76.96784271999996, 36.87962679700007], [-76.96783521199995, 36.87963916700005], [-76.96780486699998, 36.87962728100007]]]}, "properties": {"id": 311, "status": "available", "plot": "14", "owner": null, "lotsize": null}}, {"type": "Feature", "geometry": {"type": "Polygon", "coordinates": [[[-76.96781988099997, 36.87960253800003], [-76.96781237499994, 36.87961491000004], [-76.96778202699994, 36.87960302300007], [-76.96778953599994, 36.87959065200005], [-76.96781988099997, 36.87960253800003]]]}, "properties": {"id": 312, "status": "available", "plot": "13", "owner": null, "lotsize": null}}, {"type": "Feature", "geometry": {"type": "Polygon", "coordinates": [[[-76.96781988399994, 36.879602539000075], [-76.96782738999997, 36.87959016900004], [-76.96785773799996, 36.87960205600007], [-76.96785022899996, 36.879614426000046], [-76.96781988399994, 36.879602539000075]]]}, "properties": {"id": 313, "status": "available", "plot": "12", "owner": null, "lotsize": null}}, {"type": "Feature", "geometry": {"type": "Polygon", "coordinates": [[[-76.96782739199995, 36.87959016900004], [-76.96783489799998, 36.87957780000005], [-76.96786524599997, 36.87958968700008], [-76.96785773799996, 36.87960205600007], [-76.96782739199995, 36.87959016900004]]]}, "properties": {"id": 314, "status": "available", "plot": "11", "owner": null, "lotsize": null}}, {"type": "Feature", "geometry": {"type": "Polygon", "coordinates": [[[-76.96783489999996, 36.87957780100004], [-76.96784240599999, 36.87956543100006], [-76.96787275499997, 36.87957731800003], [-76.96786524599997, 36.87958968700008], [-76.96783489999996, 36.87957780100004]]]}, "properties": {"id": 315, "status": "available", "plot": "10", "owner": null, "lotsize": null}}, {"type": "Feature", "geometry": {"type": "Polygon", "coordinates": [[[-76.96784991499999, 36.879553060000035], [-76.96784240599999, 36.87956543100006], [-76.96781205999997, 36.87955354400003], [-76.96781956799998, 36.879541173000064], [-76.96784991499999, 36.879553060000035]]]}, "properties": {"id": 316, "status": "available", "plot": "9", "owner": null, "lotsize": null}}, {"type": "Feature", "geometry": {"type": "Polygon", "coordinates": [[[-76.96784991699997, 36.879553061000024], [-76.96785742499998, 36.879540690000056], [-76.96788777099994, 36.87955257700003], [-76.96788026299998, 36.87956494700006], [-76.96784991699997, 36.879553061000024]]]}, "properties": {"id": 317, "status": "available", "plot": "8", "owner": null, "lotsize": null}}, {"type": "Feature", "geometry": {"type": "Polygon", "coordinates": [[[-76.96785700199996, 36.87954052600003], [-76.96786451099996, 36.879528150000056], [-76.96789506999994, 36.87954055200004], [-76.96788777099994, 36.87955257700003], [-76.96785700199996, 36.87954052600003]]]}, "properties": {"id": 318, "status": "available", "plot": "7", "owner": null, "lotsize": null}}, {"type": "Feature", "geometry": {"type": "Polygon", "coordinates": [[[-76.96786496199996, 36.87952833300005], [-76.96787233099997, 36.879515929000036], [-76.96790256699995, 36.87952820000004], [-76.96789506999994, 36.87954055200004], [-76.96786496199996, 36.87952833300005]]]}, "properties": {"id": 319, "status": "available", "plot": "6", "owner": null, "lotsize": null}}, {"type": "Feature", "geometry": {"type": "Polygon", "coordinates": [[[-76.96790969799997, 36.87945461000004], [-76.96790240599995, 36.879466887000035], [-76.96787148099997, 36.87945433600004], [-76.96787856299994, 36.87944241400004], [-76.96790969799997, 36.87945461000004]]]}, "properties": {"id": 320, "status": "sold", "plot": "1", "owner": "L.A. BRADSHAW", "lotsize": "10X20"}}, {"type": "Feature", "geometry": {"type": "Polygon", "coordinates": [[[-76.96787239899999, 36.879515957000024], [-76.96787975199999, 36.87950358100005], [-76.96791004899995, 36.87951587400005], [-76.96790256699995, 36.87952820000004], [-76.96787239899999, 36.879515957000024]]]}, "properties": {"id": 321, "status": "available", "plot": "5", "owner": null, "lotsize": null}}, {"type": "Feature", "geometry": {"type": "Polygon", "coordinates": [[[-76.96790190599995, 36.87946668400008], [-76.96789459899998, 36.87947898200008], [-76.96786417399994, 36.87946663500003], [-76.96787148099997, 36.87945433600004], [-76.96790190599995, 36.87946668400008]]]}, "properties": {"id": 322, "status": "sold", "plot": "2", "owner": "L.A. BRADSHAW", "lotsize": "10X20"}}, {"type": "Feature", "geometry": {"type": "Polygon", "coordinates": [[[-76.96787980999994, 36.879503604000035], [-76.96788714699994, 36.87949125500006], [-76.96791751299997, 36.879503578000026], [-76.96791004899995, 36.87951587400005], [-76.96787980999994, 36.879503604000035]]]}, "properties": {"id": 323, "status": "available", "plot": "4", "owner": null, "lotsize": null}}, {"type": "Feature", "geometry": {"type": "Polygon", "coordinates": [[[-76.96789453799994, 36.87947895700006], [-76.96788721399997, 36.87949128200006], [-76.96785685099996, 36.87947896000003], [-76.96786417399994, 36.87946663500003], [-76.96789453799994, 36.87947895700006]]]}, "properties": {"id": 324, "status": "sold", "plot": "3", "owner": "L.A. BRADSHAW", "lotsize": "10X20"}}, {"type": "Feature", "geometry": {"type": "Polygon", "coordinates": [[[-76.96787233099997, 36.879515929000036], [-76.96786496199996, 36.87952833300005], [-76.96783479299995, 36.87951608900005], [-76.96784216299994, 36.87950368400004], [-76.96787233099997, 36.879515929000036]]]}, "properties": {"id": 325, "status": "sold", "plot": "6", "owner": "EARL & DELORES PARKER", "lotsize": "10X10"}}, {"type": "Feature", "geometry": {"type": "Polygon", "coordinates": [[[-76.96787975199999, 36.87950358100005], [-76.96787239899999, 36.879515957000024], [-76.96784216299994, 36.87950368400004], [-76.96784951399997, 36.87949131100004], [-76.96787975199999, 36.87950358100005]]]}, "properties": {"id": 326, "status": "sold", "plot": "5", "owner": "EARL & DELORES PARKER", "lotsize": "10X10"}}, {"type": "Feature", "geometry": {"type": "Polygon", "coordinates": [[[-76.96788714699994, 36.87949125500006], [-76.96787980999994, 36.879503604000035], [-76.96784951399997, 36.87949131100004], [-76.96785685099996, 36.87947896000003], [-76.96788714699994, 36.87949125500006]]]}, "properties": {"id": 327, "status": "occupied", "plot": "4", "owner": "L.A. BRADSHAW", "lotsize": "10X20"}}, {"type": "Feature", "geometry": {"type": "Polygon", "coordinates": [[[-76.96788721399997, 36.87949128200006], [-76.96789453799994, 36.87947895700006], [-76.96792496299997, 36.879491305000045], [-76.96791751299997, 36.879503578000026], [-76.96788721399997, 36.87949128200006]]]}, "properties": {"id": 328, "status": "available", "plot": "3", "owner": null, "lotsize": null}}, {"type": "Feature", "geometry": {"type": "Polygon", "coordinates": [[[-76.96789459899998, 36.87947898200008], [-76.96790190599995, 36.87946668400008], [-76.96793239599998, 36.87947905800007], [-76.96792496299997, 36.879491305000045], [-76.96789459899998, 36.87947898200008]]]}, "properties": {"id": 329, "status": "available", "plot": "2", "owner": null, "lotsize": null}}, {"type": "Feature", "geometry": {"type": "Polygon", "coordinates": [[[-76.96790240599995, 36.879466887000035], [-76.96790969799997, 36.87945461000004], [-76.96794002399997, 36.87946649000003], [-76.96793239599998, 36.87947905800007], [-76.96790240599995, 36.879466887000035]]]}, "properties": {"id": 330, "status": "available", "plot": "1", "owner": null, "lotsize": null}}, {"type": "Feature", "geometry": {"type": "Polygon", "coordinates": [[[-76.96791868599996, 36.87959564100004], [-76.96792617899996, 36.87958329500003], [-76.96795691099999, 36.879595333000054], [-76.96794941799999, 36.87960767800007], [-76.96791868599996, 36.87959564100004]]]}, "properties": {"id": 331, "status": "available", "plot": "9", "owner": null, "lotsize": null}}, {"type": "Feature", "geometry": {"type": "Polygon", "coordinates": [[[-76.96790370499997, 36.87962033000008], [-76.96789621699997, 36.879632670000035], [-76.96786548299997, 36.87962063100008], [-76.96787297199995, 36.87960829200006], [-76.96790370499997, 36.87962033000008]]]}, "properties": {"id": 332, "status": "available", "plot": "12", "owner": null, "lotsize": null}}, {"type": "Feature", "geometry": {"type": "Polygon", "coordinates": [[[-76.96795615199994, 36.879533922000064], [-76.96794865999993, 36.879546265000045], [-76.96791792799996, 36.87953422700008], [-76.96792542099996, 36.87952188500003], [-76.96795615199994, 36.879533922000064]]]}, "properties": {"id": 333, "status": "available", "plot": "5", "owner": null, "lotsize": null}}, {"type": "Feature", "geometry": {"type": "Polygon", "coordinates": [[[-76.96797113499997, 36.87950923400007], [-76.96797862499994, 36.87949689000004], [-76.96800935699997, 36.879508928000064], [-76.96800186499996, 36.879521271000044], [-76.96797113499997, 36.87950923400007]]]}, "properties": {"id": 334, "status": "available", "plot": "2", "owner": null, "lotsize": null}}, {"type": "Feature", "geometry": {"type": "Polygon", "coordinates": [[[-76.96793367399994, 36.87957095300004], [-76.96792618299997, 36.87958329700007], [-76.96789544999996, 36.879571259000045], [-76.96790294199997, 36.879558916000065], [-76.96793367399994, 36.87957095300004]]]}, "properties": {"id": 335, "status": "available", "plot": "8", "owner": null, "lotsize": null}}, {"type": "Feature", "geometry": {"type": "Polygon", "coordinates": [[[-76.96795614799998, 36.879533921000075], [-76.96796363899995, 36.87952157700005], [-76.96799437299995, 36.87953361500007], [-76.96798687999996, 36.87954595900004], [-76.96795614799998, 36.879533921000075]]]}, "properties": {"id": 336, "status": "available", "plot": "4", "owner": null, "lotsize": null}}, {"type": "Feature", "geometry": {"type": "Polygon", "coordinates": [[[-76.96796364299996, 36.87952157800004], [-76.96797113399998, 36.87950923400007], [-76.96800186499996, 36.879521271000044], [-76.96799437299995, 36.87953361500007], [-76.96796364299996, 36.87952157800004]]]}, "properties": {"id": 337, "status": "available", "plot": "3", "owner": null, "lotsize": null}}, {"type": "Feature", "geometry": {"type": "Polygon", "coordinates": [[[-76.96794865799995, 36.879546264000055], [-76.96794116699994, 36.87955861000006], [-76.96791043599995, 36.87954657200004], [-76.96791792799996, 36.87953422700008], [-76.96794865799995, 36.879546264000055]]]}, "properties": {"id": 338, "status": "available", "plot": "6", "owner": null, "lotsize": null}}, {"type": "Feature", "geometry": {"type": "Polygon", "coordinates": [[[-76.96793367299995, 36.87957095300004], [-76.96794116299998, 36.879558608000025], [-76.96797189599994, 36.87957064600005], [-76.96796440299994, 36.879582990000074], [-76.96793367299995, 36.87957095300004]]]}, "properties": {"id": 339, "status": "available", "plot": "7", "owner": null, "lotsize": null}}, {"type": "Feature", "geometry": {"type": "Polygon", "coordinates": [[[-76.96791868899999, 36.87959564100004], [-76.96791119699998, 36.87960798700004], [-76.96788046399996, 36.87959594800003], [-76.96788795699996, 36.87958360300007], [-76.96791868899999, 36.87959564100004]]]}, "properties": {"id": 340, "status": "available", "plot": "10", "owner": null, "lotsize": null}}, {"type": "Feature", "geometry": {"type": "Polygon", "coordinates": [[[-76.96791119499994, 36.87960798600005], [-76.96790370499997, 36.87962033000008], [-76.96787297199995, 36.87960829200006], [-76.96788046399996, 36.87959594800003], [-76.96791119499994, 36.87960798600005]]]}, "properties": {"id": 341, "status": "available", "plot": "11", "owner": null, "lotsize": null}}, {"type": "Feature", "geometry": {"type": "Polygon", "coordinates": [[[-76.96798611999998, 36.87948454600007], [-76.96797862699998, 36.87949689100003], [-76.96794789699999, 36.879484854000054], [-76.96795538899994, 36.87947250900004], [-76.96798611999998, 36.87948454600007]]]}, "properties": {"id": 342, "status": "available", "plot": "1", "owner": null, "lotsize": null}}, {"type": "Feature", "geometry": {"type": "Polygon", "coordinates": [[[-76.96797862699998, 36.87949689100003], [-76.96798611999998, 36.87948454600007], [-76.96801685099996, 36.87949658400004], [-76.96800935699997, 36.879508928000064], [-76.96797862699998, 36.87949689100003]]]}, "properties": {"id": 343, "status": "available", "plot": "1", "owner": null, "lotsize": null}}, {"type": "Feature", "geometry": {"type": "Polygon", "coordinates": [[[-76.96797862499994, 36.87949689000004], [-76.96797113499997, 36.87950923400007], [-76.96794040499998, 36.879497197000035], [-76.96794789699999, 36.879484854000054], [-76.96797862499994, 36.87949689000004]]]}, "properties": {"id": 344, "status": "available", "plot": "2", "owner": null, "lotsize": null}}, {"type": "Feature", "geometry": {"type": "Polygon", "coordinates": [[[-76.96797113399998, 36.87950923400007], [-76.96796364299996, 36.87952157800004], [-76.96793291299997, 36.87950954100006], [-76.96794040499998, 36.879497197000035], [-76.96797113399998, 36.87950923400007]]]}, "properties": {"id": 345, "status": "available", "plot": "3", "owner": null, "lotsize": null}}, {"type": "Feature", "geometry": {"type": "Polygon", "coordinates": [[[-76.96794865999993, 36.879546265000045], [-76.96795615199994, 36.879533922000064], [-76.96798687999996, 36.87954595900004], [-76.96797938799995, 36.87955830200008], [-76.96794865999993, 36.879546265000045]]]}, "properties": {"id": 346, "status": "available", "plot": "5", "owner": null, "lotsize": null}}, {"type": "Feature", "geometry": {"type": "Polygon", "coordinates": [[[-76.96796363899995, 36.87952157700005], [-76.96795614799998, 36.879533921000075], [-76.96792542099996, 36.87952188500003], [-76.96793291299997, 36.87950954100006], [-76.96796363899995, 36.87952157700005]]]}, "properties": {"id": 347, "status": "available", "plot": "4", "owner": null, "lotsize": null}}, {"type": "Feature", "geometry": {"type": "Polygon", "coordinates": [[[-76.96794116299998, 36.879558608000025], [-76.96793367299995, 36.87957095300004], [-76.96790294199997, 36.879558916000065], [-76.96791043599995, 36.87954657200004], [-76.96794116299998, 36.879558608000025]]]}, "properties": {"id": 348, "status": "available", "plot": "7", "owner": null, "lotsize": null}}, {"type": "Feature", "geometry": {"type": "Polygon", "coordinates": [[[-76.96794116699994, 36.87955861000006], [-76.96794865799995, 36.879546264000055], [-76.96797938799995, 36.87955830200008], [-76.96797189599994, 36.87957064600005], [-76.96794116699994, 36.87955861000006]]]}, "properties": {"id": 349, "status": "available", "plot": "6", "owner": null, "lotsize": null}}, {"type": "Feature", "geometry": {"type": "Polygon", "coordinates": [[[-76.96792618299997, 36.87958329700007], [-76.96793367399994, 36.87957095300004], [-76.96796440299994, 36.879582990000074], [-76.96795691099999, 36.879595333000054], [-76.96792618299997, 36.87958329700007]]]}, "properties": {"id": 350, "status": "available", "plot": "8", "owner": null, "lotsize": null}}, {"type": "Feature", "geometry": {"type": "Polygon", "coordinates": [[[-76.96792617899996, 36.87958329500003], [-76.96791868599996, 36.87959564100004], [-76.96788795699996, 36.87958360300007], [-76.96789544999996, 36.879571259000045], [-76.96792617899996, 36.87958329500003]]]}, "properties": {"id": 351, "status": "available", "plot": "9", "owner": null, "lotsize": null}}, {"type": "Feature", "geometry": {"type": "Polygon", "coordinates": [[[-76.96791119699998, 36.87960798700004], [-76.96791868899999, 36.87959564100004], [-76.96794941799999, 36.87960767800007], [-76.96794192599998, 36.87962002300003], [-76.96791119699998, 36.87960798700004]]]}, "properties": {"id": 352, "status": "available", "plot": "10", "owner": null, "lotsize": null}}, {"type": "Feature", "geometry": {"type": "Polygon", "coordinates": [[[-76.96790370499997, 36.87962033000008], [-76.96791119499994, 36.87960798600005], [-76.96794192599998, 36.87962002300003], [-76.96793443399997, 36.879632367000056], [-76.96790370499997, 36.87962033000008]]]}, "properties": {"id": 353, "status": "available", "plot": "11", "owner": null, "lotsize": null}}, {"type": "Feature", "geometry": {"type": "Polygon", "coordinates": [[[-76.96789621699997, 36.879632670000035], [-76.96790370499997, 36.87962033000008], [-76.96793443399997, 36.879632367000056], [-76.96792694399994, 36.87964470700007], [-76.96789621699997, 36.879632670000035]]]}, "properties": {"id": 354, "status": "available", "plot": "12", "owner": null, "lotsize": null}}, {"type": "Feature", "geometry": {"type": "Polygon", "coordinates": [[[-76.96806294399994, 36.87951464100007], [-76.96805545299998, 36.87952698600003], [-76.96802472099995, 36.879514947000075], [-76.96803221399995, 36.87950260300005], [-76.96806294399994, 36.87951464100007]]]}, "properties": {"id": 355, "status": "available", "plot": "1", "owner": null, "lotsize": null}}, {"type": "Feature", "geometry": {"type": "Polygon", "coordinates": [[[-76.96801049999993, 36.87960104700005], [-76.96800300899997, 36.87961339000003], [-76.96797227799993, 36.879601351000076], [-76.96797976899995, 36.87958900900003], [-76.96801049999993, 36.87960104700005]]]}, "properties": {"id": 356, "status": "available", "plot": "8", "owner": null, "lotsize": null}}, {"type": "Feature", "geometry": {"type": "Polygon", "coordinates": [[[-76.96799551699996, 36.87962573300007], [-76.96800300699994, 36.87961338800005], [-76.96803373899996, 36.879625427000065], [-76.96802624599997, 36.879637770000045], [-76.96799551699996, 36.87962573300007]]]}, "properties": {"id": 357, "status": "available", "plot": "9", "owner": null, "lotsize": null}}, {"type": "Feature", "geometry": {"type": "Polygon", "coordinates": [[[-76.96804046699998, 36.87955167200005], [-76.96804795799994, 36.87953932900007], [-76.96807869099996, 36.87955136700003], [-76.96807119899995, 36.87956371000007], [-76.96804046699998, 36.87955167200005]]]}, "properties": {"id": 358, "status": "available", "plot": "3", "owner": null, "lotsize": null}}, {"type": "Feature", "geometry": {"type": "Polygon", "coordinates": [[[-76.96801049999993, 36.87960104700005], [-76.96801798999996, 36.879588703000024], [-76.96804872199993, 36.87960074000006], [-76.96804122999998, 36.879613085000074], [-76.96801049999993, 36.87960104700005]]]}, "properties": {"id": 359, "status": "available", "plot": "7", "owner": null, "lotsize": null}}, {"type": "Feature", "geometry": {"type": "Polygon", "coordinates": [[[-76.96804046999995, 36.87955167300004], [-76.96803297799994, 36.879564017000064], [-76.96800224399993, 36.87955197700006], [-76.96800973599994, 36.87953963500007], [-76.96804046999995, 36.87955167300004]]]}, "properties": {"id": 360, "status": "available", "plot": "4", "owner": null, "lotsize": null}}, {"type": "Feature", "geometry": {"type": "Polygon", "coordinates": [[[-76.96804795799994, 36.87953932900007], [-76.96805545099994, 36.87952698400005], [-76.96808618299997, 36.87953902300006], [-76.96807869099996, 36.87955136700003], [-76.96804795799994, 36.87953932900007]]]}, "properties": {"id": 361, "status": "available", "plot": "2", "owner": null, "lotsize": null}}, {"type": "Feature", "geometry": {"type": "Polygon", "coordinates": [[[-76.96802548399995, 36.879576360000044], [-76.96801799199994, 36.879588703000024], [-76.96798725999997, 36.87957666600005], [-76.96799475299997, 36.87956432200008], [-76.96802548399995, 36.879576360000044]]]}, "properties": {"id": 362, "status": "available", "plot": "6", "owner": null, "lotsize": null}}, {"type": "Feature", "geometry": {"type": "Polygon", "coordinates": [[[-76.96802548399995, 36.879576359000055], [-76.96803297499997, 36.87956401400004], [-76.96806370699994, 36.87957605300005], [-76.96805621499993, 36.87958839700008], [-76.96802548399995, 36.879576359000055]]]}, "properties": {"id": 363, "status": "available", "plot": "5", "owner": null, "lotsize": null}}, {"type": "Feature", "geometry": {"type": "Polygon", "coordinates": [[[-76.96805545299998, 36.87952698600003], [-76.96806294399994, 36.87951464100007], [-76.96809367499998, 36.87952667900004], [-76.96808618299997, 36.87953902300006], [-76.96805545299998, 36.87952698600003]]]}, "properties": {"id": 364, "status": "available", "plot": "1", "owner": null, "lotsize": null}}, {"type": "Feature", "geometry": {"type": "Polygon", "coordinates": [[[-76.96805545099994, 36.87952698400005], [-76.96804795799994, 36.87953932900007], [-76.96801722899994, 36.879527291000045], [-76.96802472099995, 36.879514947000075], [-76.96805545099994, 36.87952698400005]]]}, "properties": {"id": 365, "status": "available", "plot": "2", "owner": null, "lotsize": null}}, {"type": "Feature", "geometry": {"type": "Polygon", "coordinates": [[[-76.96804795799994, 36.87953932900007], [-76.96804046699998, 36.87955167200005], [-76.96800973599994, 36.87953963500007], [-76.96801722899994, 36.879527291000045], [-76.96804795799994, 36.87953932900007]]]}, "properties": {"id": 366, "status": "available", "plot": "3", "owner": null, "lotsize": null}}, {"type": "Feature", "geometry": {"type": "Polygon", "coordinates": [[[-76.96803297799994, 36.879564017000064], [-76.96804046999995, 36.87955167300004], [-76.96807119899995, 36.87956371000007], [-76.96806370699994, 36.87957605300005], [-76.96803297799994, 36.879564017000064]]]}, "properties": {"id": 367, "status": "available", "plot": "4", "owner": null, "lotsize": null}}, {"type": "Feature", "geometry": {"type": "Polygon", "coordinates": [[[-76.96803297499997, 36.87956401400004], [-76.96802548399995, 36.879576359000055], [-76.96799475299997, 36.87956432200008], [-76.96800224399993, 36.87955197700006], [-76.96803297499997, 36.87956401400004]]]}, "properties": {"id": 368, "status": "available", "plot": "5", "owner": null, "lotsize": null}}, {"type": "Feature", "geometry": {"type": "Polygon", "coordinates": [[[-76.96801799199994, 36.879588703000024], [-76.96802548399995, 36.879576360000044], [-76.96805621499993, 36.87958839700008], [-76.96804872199993, 36.87960074000006], [-76.96801799199994, 36.879588703000024]]]}, "properties": {"id": 369, "status": "available", "plot": "6", "owner": null, "lotsize": null}}, {"type": "Feature", "geometry": {"type": "Polygon", "coordinates": [[[-76.96801798999996, 36.879588703000024], [-76.96801049999993, 36.87960104700005], [-76.96797976899995, 36.87958900900003], [-76.96798725999997, 36.87957666600005], [-76.96801798999996, 36.879588703000024]]]}, "properties": {"id": 370, "status": "available", "plot": "7", "owner": null, "lotsize": null}}, {"type": "Feature", "geometry": {"type": "Polygon", "coordinates": [[[-76.96800300899997, 36.87961339000003], [-76.96801049999993, 36.87960104700005], [-76.96804122999998, 36.879613085000074], [-76.96803373899996, 36.879625427000065], [-76.96800300899997, 36.87961339000003]]]}, "properties": {"id": 371, "status": "available", "plot": "8", "owner": null, "lotsize": null}}, {"type": "Feature", "geometry": {"type": "Polygon", "coordinates": [[[-76.96800300699994, 36.87961338800005], [-76.96799551699996, 36.87962573300007], [-76.96796478599998, 36.879613696000035], [-76.96797227799993, 36.879601351000076], [-76.96800300699994, 36.87961338800005]]]}, "properties": {"id": 372, "status": "available", "plot": "9", "owner": null, "lotsize": null}}, {"type": "Feature", "geometry": {"type": "Polygon", "coordinates": [[[-76.96756386199996, 36.879645297000025], [-76.96756985199994, 36.87963427500006], [-76.96760091899995, 36.87964453300003], [-76.96759438199996, 36.879655702000036], [-76.96756386199996, 36.879645297000025]]]}, "properties": {"id": 373, "status": "available", "plot": "23", "owner": null, "lotsize": null}}, {"type": "Feature", "geometry": {"type": "Polygon", "coordinates": [[[-76.96749830099998, 36.879765933000044], [-76.96750532299995, 36.87975301400007], [-76.96753207199998, 36.87976213200005], [-76.96752459899994, 36.87977489800005], [-76.96749830099998, 36.879765933000044]]]}, "properties": {"id": 374, "status": "available", "plot": "33", "owner": null, "lotsize": null}}, {"type": "Feature", "geometry": {"type": "Polygon", "coordinates": [[[-76.96748388199995, 36.87979246400005], [-76.96749115699998, 36.87977908000005], [-76.96751699399994, 36.87978788800007], [-76.96750925199996, 36.87980111400003], [-76.96748388199995, 36.87979246400005]]]}, "properties": {"id": 375, "status": "available", "plot": "35", "owner": null, "lotsize": null}}, {"type": "Feature", "geometry": {"type": "Polygon", "coordinates": [[[-76.96750532299995, 36.87975301400007], [-76.96751222799998, 36.87974030700008], [-76.96753942199996, 36.87974957800003], [-76.96753207199998, 36.87976213200005], [-76.96750532299995, 36.87975301400007]]]}, "properties": {"id": 376, "status": "available", "plot": "32", "owner": null, "lotsize": null}}, {"type": "Feature", "geometry": {"type": "Polygon", "coordinates": [[[-76.96755771999995, 36.879656598000054], [-76.96756386199996, 36.879645297000025], [-76.96759438199996, 36.879655702000036], [-76.96758784399998, 36.87966686900006], [-76.96755771999995, 36.879656598000054]]]}, "properties": {"id": 377, "status": "available", "plot": "24", "owner": null, "lotsize": null}}, {"type": "Feature", "geometry": {"type": "Polygon", "coordinates": [[[-76.96749115699998, 36.87977908000005], [-76.96749830099998, 36.879765933000044], [-76.96752459899994, 36.87977489800005], [-76.96751699399994, 36.87978788800007], [-76.96749115699998, 36.87977908000005]]]}, "properties": {"id": 378, "status": "available", "plot": "34", "owner": null, "lotsize": null}}, {"type": "Feature", "geometry": {"type": "Polygon", "coordinates": [[[-76.96746891399994, 36.87982000900007], [-76.96747646999995, 36.87980610500006], [-76.96750136199995, 36.87981459000008], [-76.96749331999996, 36.87982832800003], [-76.96746891399994, 36.87982000900007]]]}, "properties": {"id": 379, "status": "available", "plot": "37", "owner": null, "lotsize": null}}, {"type": "Feature", "geometry": {"type": "Polygon", "coordinates": [[[-76.96753229799998, 36.879703376000066], [-76.96753878799996, 36.87969143400005], [-76.96756769399997, 36.879701288000035], [-76.96756078599998, 36.87971308900006], [-76.96753229799998, 36.879703376000066]]]}, "properties": {"id": 380, "status": "available", "plot": "28", "owner": null, "lotsize": null}}, {"type": "Feature", "geometry": {"type": "Polygon", "coordinates": [[[-76.96746120399996, 36.87983419600005], [-76.96746891399994, 36.87982000900007], [-76.96749331999996, 36.87982832800003], [-76.96748511399994, 36.87984234600003], [-76.96746120399996, 36.87983419600005]]]}, "properties": {"id": 381, "status": "available", "plot": "38", "owner": null, "lotsize": null}}, {"type": "Feature", "geometry": {"type": "Polygon", "coordinates": [[[-76.96754518599994, 36.87967966200006], [-76.96755149499995, 36.879668052000056], [-76.96758121999994, 36.879678185000046], [-76.96757450399997, 36.87968965600004], [-76.96754518599994, 36.87967966200006]]]}, "properties": {"id": 382, "status": "available", "plot": "26", "owner": null, "lotsize": null}}, {"type": "Feature", "geometry": {"type": "Polygon", "coordinates": [[[-76.96755149499995, 36.879668052000056], [-76.96755771999995, 36.879656598000054], [-76.96758784399998, 36.87966686900006], [-76.96758121999994, 36.879678185000046], [-76.96755149499995, 36.879668052000056]]]}, "properties": {"id": 383, "status": "available", "plot": "25", "owner": null, "lotsize": null}}, {"type": "Feature", "geometry": {"type": "Polygon", "coordinates": [[[-76.96746120399996, 36.87983419600005], [-76.96748511399994, 36.87984234600003], [-76.96747673199997, 36.879856661000076], [-76.96745333099994, 36.879848683000034], [-76.96746120399996, 36.87983419600005]]]}, "properties": {"id": 384, "status": "available", "plot": "39", "owner": null, "lotsize": null}}, {"type": "Feature", "geometry": {"type": "Polygon", "coordinates": [[[-76.96752570999996, 36.87971549700006], [-76.96753229799998, 36.879703376000066], [-76.96756078599998, 36.87971308900006], [-76.96755377399995, 36.87972506500006], [-76.96752570999996, 36.87971549700006]]]}, "properties": {"id": 385, "status": "available", "plot": "29", "owner": null, "lotsize": null}}, {"type": "Feature", "geometry": {"type": "Polygon", "coordinates": [[[-76.96753878799996, 36.87969143400005], [-76.96754518599994, 36.87967966200006], [-76.96757450399997, 36.87968965600004], [-76.96756769399997, 36.879701288000035], [-76.96753878799996, 36.87969143400005]]]}, "properties": {"id": 386, "status": "available", "plot": "27", "owner": null, "lotsize": null}}, {"type": "Feature", "geometry": {"type": "Polygon", "coordinates": [[[-76.96751222799998, 36.87974030700008], [-76.96751902199998, 36.87972780500007], [-76.96754665499998, 36.87973722500004], [-76.96753942199996, 36.87974957800003], [-76.96751222799998, 36.87974030700008]]]}, "properties": {"id": 387, "status": "available", "plot": "31", "owner": null, "lotsize": null}}, {"type": "Feature", "geometry": {"type": "Polygon", "coordinates": [[[-76.96751902199998, 36.87972780500007], [-76.96752570999996, 36.87971549700006], [-76.96755377399995, 36.87972506500006], [-76.96754665499998, 36.87973722500004], [-76.96751902199998, 36.87972780500007]]]}, "properties": {"id": 388, "status": "available", "plot": "30", "owner": null, "lotsize": null}}, {"type": "Feature", "geometry": {"type": "Polygon", "coordinates": [[[-76.96747646999995, 36.87980610500006], [-76.96748388199995, 36.87979246400005], [-76.96750925199996, 36.87980111400003], [-76.96750136199995, 36.87981459000008], [-76.96747646999995, 36.87980610500006]]]}, "properties": {"id": 389, "status": "available", "plot": "36", "owner": null, "lotsize": null}}, {"type": "Feature", "geometry": {"type": "Polygon", "coordinates": [[[-76.96755838999997, 36.87958647000005], [-76.96756544599998, 36.87957340000003], [-76.96759436799994, 36.879583299000046], [-76.96758741099995, 36.87959643800008], [-76.96755838999997, 36.87958647000005]]]}, "properties": {"id": 390, "status": "available", "plot": "19", "owner": null, "lotsize": null}}, {"type": "Feature", "geometry": {"type": "Polygon", "coordinates": [[[-76.96754435099996, 36.879612472000076], [-76.96755135599994, 36.87959949800006], [-76.96758049199997, 36.879609505000076], [-76.96757360199996, 36.879622519000065], [-76.96754435099996, 36.879612472000076]]]}, "properties": {"id": 391, "status": "available", "plot": "21", "owner": null, "lotsize": null}}, {"type": "Feature", "geometry": {"type": "Polygon", "coordinates": [[[-76.96753737499995, 36.87962539500006], [-76.96754435099996, 36.879612472000076], [-76.96757360199996, 36.879622519000065], [-76.96756673899995, 36.87963548300007], [-76.96753737499995, 36.87962539500006]]]}, "properties": {"id": 392, "status": "available", "plot": "22", "owner": null, "lotsize": null}}, {"type": "Feature", "geometry": {"type": "Polygon", "coordinates": [[[-76.96746903299999, 36.87975197700007], [-76.96747575199998, 36.87973953000005], [-76.96750612799997, 36.87974996500003], [-76.96749951799995, 36.879762450000044], [-76.96746903299999, 36.87975197700007]]]}, "properties": {"id": 393, "status": "available", "plot": "32", "owner": null, "lotsize": null}}, {"type": "Feature", "geometry": {"type": "Polygon", "coordinates": [[[-76.96744901499994, 36.87978905500006], [-76.96745566299995, 36.87977674100006], [-76.96748636599995, 36.879787287000056], [-76.96747982599999, 36.87979964200008], [-76.96744901499994, 36.87978905500006]]]}, "properties": {"id": 394, "status": "available", "plot": "35", "owner": null, "lotsize": null}}, {"type": "Feature", "geometry": {"type": "Polygon", "coordinates": [[[-76.96742920699995, 36.87982574200004], [-76.96743578599995, 36.879813555000055], [-76.96746681599996, 36.87982421600003], [-76.96746034499995, 36.87983643800004], [-76.96742920699995, 36.87982574200004]]]}, "properties": {"id": 395, "status": "available", "plot": "38", "owner": null, "lotsize": null}}, {"type": "Feature", "geometry": {"type": "Polygon", "coordinates": [[[-76.96753042299997, 36.879638270000044], [-76.96753737499995, 36.87962539500006], [-76.96756673899995, 36.87963548300007], [-76.96755990199995, 36.87964839600005], [-76.96753042299997, 36.879638270000044]]]}, "properties": {"id": 396, "status": "available", "plot": "23", "owner": null, "lotsize": null}}, {"type": "Feature", "geometry": {"type": "Polygon", "coordinates": [[[-76.96750972999996, 36.87967659800006], [-76.96751659999995, 36.87966387300003], [-76.96754630799995, 36.879674074000036], [-76.96753954799993, 36.87968684100008], [-76.96750972999996, 36.87967659800006]]]}, "properties": {"id": 397, "status": "available", "plot": "26", "owner": null, "lotsize": null}}, {"type": "Feature", "geometry": {"type": "Polygon", "coordinates": [[[-76.96743578599995, 36.879813555000055], [-76.96744238899998, 36.87980132800004], [-76.96747331099994, 36.87981195000003], [-76.96746681599996, 36.87982421600003], [-76.96743578599995, 36.879813555000055]]]}, "properties": {"id": 398, "status": "available", "plot": "37", "owner": null, "lotsize": null}}, {"type": "Feature", "geometry": {"type": "Polygon", "coordinates": [[[-76.96744238899998, 36.87980132800004], [-76.96744901499994, 36.87978905500006], [-76.96747982599999, 36.87979964200008], [-76.96747331099994, 36.87981195000003], [-76.96744238899998, 36.87980132800004]]]}, "properties": {"id": 399, "status": "available", "plot": "36", "owner": null, "lotsize": null}}, {"type": "Feature", "geometry": {"type": "Polygon", "coordinates": [[[-76.96746233599998, 36.87976438100003], [-76.96746903299999, 36.87975197700007], [-76.96749951799995, 36.879762450000044], [-76.96749292999993, 36.87977489100007], [-76.96746233599998, 36.87976438100003]]]}, "properties": {"id": 400, "status": "available", "plot": "33", "owner": null, "lotsize": null}}, {"type": "Feature", "geometry": {"type": "Polygon", "coordinates": [[[-76.96747575199998, 36.87973953000005], [-76.96748249699993, 36.879727038000055], [-76.96751276199996, 36.87973743300006], [-76.96750612799997, 36.87974996500003], [-76.96747575199998, 36.87973953000005]]]}, "properties": {"id": 401, "status": "available", "plot": "31", "owner": null, "lotsize": null}}, {"type": "Feature", "geometry": {"type": "Polygon", "coordinates": [[[-76.96748926699996, 36.879714498000055], [-76.96749606299994, 36.87970191200003], [-76.96752610499993, 36.87971223100004], [-76.96751942199995, 36.87972485500006], [-76.96748926699996, 36.879714498000055]]]}, "properties": {"id": 402, "status": "available", "plot": "29", "owner": null, "lotsize": null}}, {"type": "Feature", "geometry": {"type": "Polygon", "coordinates": [[[-76.96750288399994, 36.87968927900005], [-76.96750972999996, 36.87967659800006], [-76.96753954799993, 36.87968684100008], [-76.96753281399998, 36.87969956000006], [-76.96750288399994, 36.87968927900005]]]}, "properties": {"id": 403, "status": "available", "plot": "27", "owner": null, "lotsize": null}}, {"type": "Feature", "geometry": {"type": "Polygon", "coordinates": [[[-76.96751659999995, 36.87966387300003], [-76.96752349799993, 36.87965109400005], [-76.96755309099996, 36.879661260000034], [-76.96754630799995, 36.879674074000036], [-76.96751659999995, 36.87966387300003]]]}, "properties": {"id": 404, "status": "available", "plot": "25", "owner": null, "lotsize": null}}, {"type": "Feature", "geometry": {"type": "Polygon", "coordinates": [[[-76.96752349799993, 36.87965109400005], [-76.96753042299997, 36.879638270000044], [-76.96755990199995, 36.87964839600005], [-76.96755309099996, 36.879661260000034], [-76.96752349799993, 36.87965109400005]]]}, "properties": {"id": 405, "status": "available", "plot": "24", "owner": null, "lotsize": null}}, {"type": "Feature", "geometry": {"type": "Polygon", "coordinates": [[[-76.96745566299995, 36.87977674100006], [-76.96746233599998, 36.87976438100003], [-76.96749292999993, 36.87977489100007], [-76.96748636599995, 36.879787287000056], [-76.96745566299995, 36.87977674100006]]]}, "properties": {"id": 406, "status": "available", "plot": "34", "owner": null, "lotsize": null}}, {"type": "Feature", "geometry": {"type": "Polygon", "coordinates": [[[-76.96742920699995, 36.87982574200004], [-76.96746034499995, 36.87983643800004], [-76.96745389499995, 36.87984861900003], [-76.96742264999995, 36.879837886000075], [-76.96742920699995, 36.87982574200004]]]}, "properties": {"id": 407, "status": "available", "plot": "39", "owner": null, "lotsize": null}}, {"type": "Feature", "geometry": {"type": "Polygon", "coordinates": [[[-76.96748249699993, 36.879727038000055], [-76.96748926699996, 36.879714498000055], [-76.96751942199995, 36.87972485500006], [-76.96751276199996, 36.87973743300006], [-76.96748249699993, 36.879727038000055]]]}, "properties": {"id": 408, "status": "available", "plot": "30", "owner": null, "lotsize": null}}, {"type": "Feature", "geometry": {"type": "Polygon", "coordinates": [[[-76.96755135599994, 36.87959949800006], [-76.96755838999997, 36.87958647000005], [-76.96758741099995, 36.87959643800008], [-76.96758049199997, 36.879609505000076], [-76.96755135599994, 36.87959949800006]]]}, "properties": {"id": 409, "status": "available", "plot": "20", "owner": null, "lotsize": null}}, {"type": "Feature", "geometry": {"type": "Polygon", "coordinates": [[[-76.96749606299994, 36.87970191200003], [-76.96750288399994, 36.87968927900005], [-76.96753281399998, 36.87969956000006], [-76.96752610499993, 36.87971223100004], [-76.96749606299994, 36.87970191200003]]]}, "properties": {"id": 410, "status": "available", "plot": "28", "owner": null, "lotsize": null}}, {"type": "Feature", "geometry": {"type": "Polygon", "coordinates": [[[-76.96751192699998, 36.87960984100005], [-76.96751804699994, 36.879597975000024], [-76.96754680699996, 36.879608080000025], [-76.96754044699998, 36.87961986100004], [-76.96751192699998, 36.87960984100005]]]}, "properties": {"id": 411, "status": "available", "plot": "22", "owner": null, "lotsize": null}}, {"type": "Feature", "geometry": {"type": "Polygon", "coordinates": [[[-76.96753013299997, 36.87957453900003], [-76.96753618399998, 36.879562805000035], [-76.96756548099995, 36.87957348200007], [-76.96755936599999, 36.879584812000076], [-76.96753013299997, 36.87957453900003]]]}, "properties": {"id": 412, "status": "available", "plot": "19", "owner": null, "lotsize": null}}, {"type": "Feature", "geometry": {"type": "Polygon", "coordinates": [[[-76.96744087499997, 36.87974761900006], [-76.96744764799996, 36.87973448400004], [-76.96747364499998, 36.87974361900007], [-76.96746660699995, 36.879756661000044], [-76.96744087499997, 36.87974761900006]]]}, "properties": {"id": 413, "status": "available", "plot": "33", "owner": null, "lotsize": null}}, {"type": "Feature", "geometry": {"type": "Polygon", "coordinates": [[[-76.96746099399996, 36.879708606000065], [-76.96746756699997, 36.87969585800005], [-76.96749434599997, 36.879705269000056], [-76.96748751399997, 36.87971792600007], [-76.96746099399996, 36.879708606000065]]]}, "properties": {"id": 414, "status": "available", "plot": "30", "owner": null, "lotsize": null}}, {"type": "Feature", "geometry": {"type": "Polygon", "coordinates": [[[-76.96750575799996, 36.87962180300008], [-76.96751192699998, 36.87960984100005], [-76.96754044699998, 36.87961986100004], [-76.96753403499997, 36.879631740000036], [-76.96750575799996, 36.87962180300008]]]}, "properties": {"id": 415, "status": "available", "plot": "23", "owner": null, "lotsize": null}}, {"type": "Feature", "geometry": {"type": "Polygon", "coordinates": [[[-76.96746756699997, 36.87969585800005], [-76.96747407899994, 36.87968323100006], [-76.96750111299997, 36.879692731000034], [-76.96749434599997, 36.879705269000056], [-76.96746756699997, 36.87969585800005]]]}, "properties": {"id": 416, "status": "available", "plot": "29", "owner": null, "lotsize": null}}, {"type": "Feature", "geometry": {"type": "Polygon", "coordinates": [[[-76.96743402999994, 36.879760892000036], [-76.96744087499997, 36.87974761900006], [-76.96746660699995, 36.879756661000044], [-76.96745949299998, 36.87976983900006], [-76.96743402999994, 36.879760892000036]]]}, "properties": {"id": 417, "status": "available", "plot": "34", "owner": null, "lotsize": null}}, {"type": "Feature", "geometry": {"type": "Polygon", "coordinates": [[[-76.96741304799997, 36.879801576000034], [-76.96742011799995, 36.87978786600007], [-76.96744503599996, 36.87979662200007], [-76.96743768799996, 36.879810236000026], [-76.96741304799997, 36.879801576000034]]]}, "properties": {"id": 418, "status": "available", "plot": "37", "owner": null, "lotsize": null}}, {"type": "Feature", "geometry": {"type": "Polygon", "coordinates": [[[-76.96745435399998, 36.87972148000006], [-76.96746099399996, 36.879708606000065], [-76.96748751399997, 36.87971792600007], [-76.96748061499994, 36.87973070800007], [-76.96745435399998, 36.87972148000006]]]}, "properties": {"id": 419, "status": "available", "plot": "31", "owner": null, "lotsize": null}}, {"type": "Feature", "geometry": {"type": "Polygon", "coordinates": [[[-76.96751804699994, 36.879597975000024], [-76.96752411399996, 36.87958621000007], [-76.96755311199996, 36.87959639800005], [-76.96754680699996, 36.879608080000025], [-76.96751804699994, 36.879597975000024]]]}, "properties": {"id": 420, "status": "available", "plot": "21", "owner": null, "lotsize": null}}, {"type": "Feature", "geometry": {"type": "Polygon", "coordinates": [[[-76.96742711099995, 36.87977430600006], [-76.96743402999994, 36.879760892000036], [-76.96745949299998, 36.87976983900006], [-76.96745230399995, 36.879783158000066], [-76.96742711099995, 36.87977430600006]]]}, "properties": {"id": 421, "status": "available", "plot": "35", "owner": null, "lotsize": null}}, {"type": "Feature", "geometry": {"type": "Polygon", "coordinates": [[[-76.96749953499994, 36.87963387100007], [-76.96750575799996, 36.87962180300008], [-76.96753403499997, 36.879631740000036], [-76.96752756799998, 36.879643721000036], [-76.96749953499994, 36.87963387100007]]]}, "properties": {"id": 422, "status": "available", "plot": "24", "owner": null, "lotsize": null}}, {"type": "Feature", "geometry": {"type": "Polygon", "coordinates": [[[-76.96742011799995, 36.87978786600007], [-76.96742711099995, 36.87977430600006], [-76.96745230399995, 36.879783158000066], [-76.96744503599996, 36.87979662200007], [-76.96742011799995, 36.87978786600007]]]}, "properties": {"id": 423, "status": "available", "plot": "36", "owner": null, "lotsize": null}}, {"type": "Feature", "geometry": {"type": "Polygon", "coordinates": [[[-76.96748692299997, 36.87965832700007], [-76.96749325699994, 36.87964604500007], [-76.96752104299998, 36.87965580900004], [-76.96751446099995, 36.87966800400005], [-76.96748692299997, 36.87965832700007]]]}, "properties": {"id": 424, "status": "available", "plot": "26", "owner": null, "lotsize": null}}, {"type": "Feature", "geometry": {"type": "Polygon", "coordinates": [[[-76.96740589599995, 36.87981544500008], [-76.96743025599994, 36.879824005000046], [-76.96742273799998, 36.87983793400008], [-76.96739865999996, 36.87982947300003], [-76.96740589599995, 36.87981544500008]]]}, "properties": {"id": 425, "status": "available", "plot": "39", "owner": null, "lotsize": null}}, {"type": "Feature", "geometry": {"type": "Polygon", "coordinates": [[[-76.96749325699994, 36.87964604500007], [-76.96749953499994, 36.87963387100007], [-76.96752756799998, 36.879643721000036], [-76.96752104299998, 36.87965580900004], [-76.96749325699994, 36.87964604500007]]]}, "properties": {"id": 426, "status": "available", "plot": "25", "owner": null, "lotsize": null}}, {"type": "Feature", "geometry": {"type": "Polygon", "coordinates": [[[-76.96747407899994, 36.87968323100006], [-76.96748052999999, 36.87967072200007], [-76.96750781699996, 36.87968031100007], [-76.96750111299997, 36.879692731000034], [-76.96747407899994, 36.87968323100006]]]}, "properties": {"id": 427, "status": "available", "plot": "28", "owner": null, "lotsize": null}}, {"type": "Feature", "geometry": {"type": "Polygon", "coordinates": [[[-76.96740589599995, 36.87981544500008], [-76.96741304799997, 36.879801576000034], [-76.96743768799996, 36.879810236000026], [-76.96743025599994, 36.879824005000046], [-76.96740589599995, 36.87981544500008]]]}, "properties": {"id": 428, "status": "available", "plot": "38", "owner": null, "lotsize": null}}, {"type": "Feature", "geometry": {"type": "Polygon", "coordinates": [[[-76.96748052999999, 36.87967072200007], [-76.96748692299997, 36.87965832700007], [-76.96751446099995, 36.87966800400005], [-76.96750781699996, 36.87968031100007], [-76.96748052999999, 36.87967072200007]]]}, "properties": {"id": 429, "status": "available", "plot": "27", "owner": null, "lotsize": null}}, {"type": "Feature", "geometry": {"type": "Polygon", "coordinates": [[[-76.96744764799996, 36.87973448400004], [-76.96745435399998, 36.87972148000006], [-76.96748061499994, 36.87973070800007], [-76.96747364499998, 36.87974361900007], [-76.96744764799996, 36.87973448400004]]]}, "properties": {"id": 430, "status": "available", "plot": "32", "owner": null, "lotsize": null}}, {"type": "Feature", "geometry": {"type": "Polygon", "coordinates": [[[-76.96752411399996, 36.87958621000007], [-76.96753013299997, 36.87957453900003], [-76.96755936599999, 36.879584812000076], [-76.96755311199996, 36.87959639800005], [-76.96752411399996, 36.87958621000007]]]}, "properties": {"id": 431, "status": "available", "plot": "20", "owner": null, "lotsize": null}}, {"type": "Feature", "geometry": {"type": "Polygon", "coordinates": [[[-76.96741967199995, 36.87970131700007], [-76.96742618099995, 36.879688447000035], [-76.96745721599996, 36.879698623000024], [-76.96745059799997, 36.87971145600005], [-76.96741967199995, 36.87970131700007]]]}, "properties": {"id": 432, "status": "available", "plot": "31", "owner": null, "lotsize": null}}, {"type": "Feature", "geometry": {"type": "Polygon", "coordinates": [[[-76.96748376299996, 36.87957461000008], [-76.96749002999996, 36.87956222300005], [-76.96752218299997, 36.87957265400007], [-76.96751576299994, 36.87958510200008], [-76.96748376299996, 36.87957461000008]]]}, "properties": {"id": 433, "status": "available", "plot": "21", "owner": null, "lotsize": null}}, {"type": "Feature", "geometry": {"type": "Polygon", "coordinates": [[[-76.96744557299996, 36.879650111000046], [-76.96745199199995, 36.87963742200003], [-76.96748345799995, 36.87964774000005], [-76.96747693199995, 36.87966039500003], [-76.96744557299996, 36.879650111000046]]]}, "properties": {"id": 434, "status": "available", "plot": "27", "owner": null, "lotsize": null}}, {"type": "Feature", "geometry": {"type": "Polygon", "coordinates": [[[-76.96746476299995, 36.879612171000076], [-76.96747111799993, 36.879599609000024], [-76.96750290499995, 36.87961003300006], [-76.96749644399995, 36.87962255900004], [-76.96746476299995, 36.879612171000076]]]}, "properties": {"id": 435, "status": "available", "plot": "24", "owner": null, "lotsize": null}}, {"type": "Feature", "geometry": {"type": "Polygon", "coordinates": [[[-76.96743266699997, 36.87967562400007], [-76.96743913099994, 36.87966284700008], [-76.96747038199999, 36.879673094000054], [-76.96746381099996, 36.87968583500003], [-76.96743266699997, 36.87967562400007]]]}, "properties": {"id": 436, "status": "available", "plot": "29", "owner": null, "lotsize": null}}, {"type": "Feature", "geometry": {"type": "Polygon", "coordinates": [[[-76.96738677699994, 36.87976634900008], [-76.96739340399995, 36.87975324800004], [-76.96742388899997, 36.87976324400006], [-76.96741714999996, 36.87977630700004], [-76.96738677699994, 36.87976634900008]]]}, "properties": {"id": 437, "status": "available", "plot": "36", "owner": null, "lotsize": null}}, {"type": "Feature", "geometry": {"type": "Polygon", "coordinates": [[[-76.96745838899994, 36.87962477600007], [-76.96746476299995, 36.879612171000076], [-76.96749644399995, 36.87962255900004], [-76.96748996199995, 36.879635128000075], [-76.96745838899994, 36.87962477600007]]]}, "properties": {"id": 438, "status": "available", "plot": "25", "owner": null, "lotsize": null}}, {"type": "Feature", "geometry": {"type": "Polygon", "coordinates": [[[-76.96740658499994, 36.87972718900005], [-76.96741314099995, 36.87971422900006], [-76.96744395599995, 36.87972433500005], [-76.96743729199994, 36.879737258000034], [-76.96740658499994, 36.87972718900005]]]}, "properties": {"id": 439, "status": "available", "plot": "33", "owner": null, "lotsize": null}}, {"type": "Feature", "geometry": {"type": "Polygon", "coordinates": [[[-76.96741314099995, 36.87971422900006], [-76.96741967199995, 36.87970131700007], [-76.96745059799997, 36.87971145600005], [-76.96744395599995, 36.87972433500005], [-76.96741314099995, 36.87971422900006]]]}, "properties": {"id": 440, "status": "available", "plot": "32", "owner": null, "lotsize": null}}, {"type": "Feature", "geometry": {"type": "Polygon", "coordinates": [[[-76.96739340399995, 36.87975324800004], [-76.96740000699998, 36.87974019600006], [-76.96743060299997, 36.879750228000034], [-76.96742388899997, 36.87976324400006], [-76.96739340399995, 36.87975324800004]]]}, "properties": {"id": 441, "status": "available", "plot": "35", "owner": null, "lotsize": null}}, {"type": "Feature", "geometry": {"type": "Polygon", "coordinates": [[[-76.96738677699994, 36.87976634900008], [-76.96741714999996, 36.87977630700004], [-76.96741038899995, 36.879789420000066], [-76.96738012699996, 36.87977949800006], [-76.96738677699994, 36.87976634900008]]]}, "properties": {"id": 442, "status": "available", "plot": "37", "owner": null, "lotsize": null}}, {"type": "Feature", "geometry": {"type": "Polygon", "coordinates": [[[-76.96745199199995, 36.87963742200003], [-76.96745838899994, 36.87962477600007], [-76.96748996199995, 36.879635128000075], [-76.96748345799995, 36.87964774000005], [-76.96745199199995, 36.87963742200003]]]}, "properties": {"id": 443, "status": "available", "plot": "26", "owner": null, "lotsize": null}}, {"type": "Feature", "geometry": {"type": "Polygon", "coordinates": [[[-76.96740000699998, 36.87974019600006], [-76.96740658499994, 36.87972718900005], [-76.96743729199994, 36.879737258000034], [-76.96743060299997, 36.879750228000034], [-76.96740000699998, 36.87974019600006]]]}, "properties": {"id": 444, "status": "available", "plot": "34", "owner": null, "lotsize": null}}, {"type": "Feature", "geometry": {"type": "Polygon", "coordinates": [[[-76.96742618099995, 36.879688447000035], [-76.96743266699997, 36.87967562400007], [-76.96746381099996, 36.87968583500003], [-76.96745721599996, 36.879698623000024], [-76.96742618099995, 36.879688447000035]]]}, "properties": {"id": 445, "status": "available", "plot": "30", "owner": null, "lotsize": null}}, {"type": "Feature", "geometry": {"type": "Polygon", "coordinates": [[[-76.96747745199997, 36.87958708900004], [-76.96748376299996, 36.87957461000008], [-76.96751576299994, 36.87958510200008], [-76.96750934499994, 36.87959754700006], [-76.96747745199997, 36.87958708900004]]]}, "properties": {"id": 446, "status": "available", "plot": "22", "owner": null, "lotsize": null}}, {"type": "Feature", "geometry": {"type": "Polygon", "coordinates": [[[-76.96747111799993, 36.879599609000024], [-76.96747745199997, 36.87958708900004], [-76.96750934499994, 36.87959754700006], [-76.96750290499995, 36.87961003300006], [-76.96747111799993, 36.879599609000024]]]}, "properties": {"id": 447, "status": "available", "plot": "23", "owner": null, "lotsize": null}}, {"type": "Feature", "geometry": {"type": "Polygon", "coordinates": [[[-76.96743913099994, 36.87966284700008], [-76.96744557299996, 36.879650111000046], [-76.96747693199995, 36.87966039500003], [-76.96747038199999, 36.879673094000054], [-76.96743913099994, 36.87966284700008]]]}, "properties": {"id": 448, "status": "available", "plot": "28", "owner": null, "lotsize": null}}, {"type": "Feature", "geometry": {"type": "Polygon", "coordinates": [[[-76.96736867599998, 36.87972210000004], [-76.96737494099995, 36.879709200000036], [-76.96740666899996, 36.87971916200007], [-76.96740037999996, 36.87973205700007], [-76.96736867599998, 36.87972210000004]]]}, "properties": {"id": 449, "status": "available", "plot": "31", "owner": null, "lotsize": null}}, {"type": "Feature", "geometry": {"type": "Polygon", "coordinates": [[[-76.96750545799995, 36.87944043300007], [-76.96751162499999, 36.87942773300006], [-76.96754385299994, 36.879437874000075], [-76.96753767199993, 36.87945054900007], [-76.96750545799995, 36.87944043300007]]]}, "properties": {"id": 450, "status": "available", "plot": "9", "owner": null, "lotsize": null}}, {"type": "Feature", "geometry": {"type": "Polygon", "coordinates": [[[-76.96749311299999, 36.879465853000056], [-76.96749928799994, 36.87945313900008], [-76.96753147899994, 36.87946324700005], [-76.96752528099995, 36.87947595500003], [-76.96749311299999, 36.879465853000056]]]}, "properties": {"id": 451, "status": "available", "plot": "11", "owner": null, "lotsize": null}}, {"type": "Feature", "geometry": {"type": "Polygon", "coordinates": [[[-76.96745597099994, 36.87954233900007], [-76.96746217299994, 36.87952956700008], [-76.96749422499994, 36.879539634000025], [-76.96748800099994, 36.879552395000076], [-76.96745597099994, 36.87954233900007]]]}, "properties": {"id": 452, "status": "available", "plot": "17", "owner": null, "lotsize": null}}, {"type": "Feature", "geometry": {"type": "Polygon", "coordinates": [[[-76.96748075099998, 36.87949131000005], [-76.96748693399996, 36.87947857800003], [-76.96751907899994, 36.879488672000036], [-76.96751287199999, 36.87950139900005], [-76.96748075099998, 36.87949131000005]]]}, "properties": {"id": 453, "status": "available", "plot": "13", "owner": null, "lotsize": null}}, {"type": "Feature", "geometry": {"type": "Polygon", "coordinates": [[[-76.96737494099995, 36.879709200000036], [-76.96738120099997, 36.879696308000064], [-76.96741295199996, 36.87970627800007], [-76.96740666899996, 36.87971916200007], [-76.96737494099995, 36.879709200000036]]]}, "properties": {"id": 454, "status": "available", "plot": "30", "owner": null, "lotsize": null}}, {"type": "Feature", "geometry": {"type": "Polygon", "coordinates": [[[-76.96743111999996, 36.87959351300003], [-76.96743733899996, 36.87958070500008], [-76.96746929999995, 36.879590740000026], [-76.96746305799996, 36.87960354000006], [-76.96743111999996, 36.87959351300003]]]}, "properties": {"id": 455, "status": "available", "plot": "21", "owner": null, "lotsize": null}}, {"type": "Feature", "geometry": {"type": "Polygon", "coordinates": [[[-76.96741243499997, 36.879631989000075], [-76.96741866799994, 36.87961915500006], [-76.96745055899999, 36.879629167000076], [-76.96744430299998, 36.87964199500004], [-76.96741243499997, 36.879631989000075]]]}, "properties": {"id": 456, "status": "available", "plot": "24", "owner": null, "lotsize": null}}, {"type": "Feature", "geometry": {"type": "Polygon", "coordinates": [[[-76.96741866799994, 36.87961915500006], [-76.96742489599995, 36.87960632900007], [-76.96745681099998, 36.87961635000005], [-76.96745055899999, 36.879629167000076], [-76.96741866799994, 36.87961915500006]]]}, "properties": {"id": 457, "status": "available", "plot": "23", "owner": null, "lotsize": null}}, {"type": "Feature", "geometry": {"type": "Polygon", "coordinates": [[[-76.96749928799994, 36.87945313900008], [-76.96750545799995, 36.87944043300007], [-76.96753767199993, 36.87945054900007], [-76.96753147899994, 36.87946324700005], [-76.96749928799994, 36.87945313900008]]]}, "properties": {"id": 458, "status": "available", "plot": "10", "owner": null, "lotsize": null}}, {"type": "Feature", "geometry": {"type": "Polygon", "coordinates": [[[-76.96736867599998, 36.87972210000004], [-76.96740037999996, 36.87973205700007], [-76.96739408699995, 36.87974496000004], [-76.96736240599995, 36.879735012000026], [-76.96736867599998, 36.87972210000004]]]}, "properties": {"id": 459, "status": "available", "plot": "32", "owner": null, "lotsize": null}}, {"type": "Feature", "geometry": {"type": "Polygon", "coordinates": [[[-76.96743733899996, 36.87958070500008], [-76.96744355499999, 36.87956790800007], [-76.96747553799997, 36.879577950000055], [-76.96746929999995, 36.879590740000026], [-76.96743733899996, 36.87958070500008]]]}, "properties": {"id": 460, "status": "available", "plot": "20", "owner": null, "lotsize": null}}, {"type": "Feature", "geometry": {"type": "Polygon", "coordinates": [[[-76.96738745699997, 36.87968342600004], [-76.96739370899996, 36.87967055300004], [-76.96742550599998, 36.87968053700007], [-76.96741923099995, 36.87969340200004], [-76.96738745699997, 36.87968342600004]]]}, "properties": {"id": 461, "status": "available", "plot": "28", "owner": null, "lotsize": null}}, {"type": "Feature", "geometry": {"type": "Polygon", "coordinates": [[[-76.96739995599995, 36.879657689000055], [-76.96740619799994, 36.87964483500008], [-76.96743804199997, 36.879654833000075], [-76.96743177699994, 36.87966768000007], [-76.96739995599995, 36.879657689000055]]]}, "properties": {"id": 462, "status": "available", "plot": "26", "owner": null, "lotsize": null}}, {"type": "Feature", "geometry": {"type": "Polygon", "coordinates": [[[-76.96740619799994, 36.87964483500008], [-76.96741243499997, 36.879631989000075], [-76.96744430299998, 36.87964199500004], [-76.96743804199997, 36.879654833000075], [-76.96740619799994, 36.87964483500008]]]}, "properties": {"id": 463, "status": "available", "plot": "25", "owner": null, "lotsize": null}}, {"type": "Feature", "geometry": {"type": "Polygon", "coordinates": [[[-76.96744976599996, 36.87955511700005], [-76.96745597099994, 36.87954233900007], [-76.96748800099994, 36.879552395000076], [-76.96748177199999, 36.879565169000045], [-76.96744976599996, 36.87955511700005]]]}, "properties": {"id": 464, "status": "available", "plot": "18", "owner": null, "lotsize": null}}, {"type": "Feature", "geometry": {"type": "Polygon", "coordinates": [[[-76.96746217299994, 36.87952956700008], [-76.96746836999995, 36.87951680600003], [-76.96750044599997, 36.87952688000007], [-76.96749422499994, 36.879539634000025], [-76.96746217299994, 36.87952956700008]]]}, "properties": {"id": 465, "status": "available", "plot": "16", "owner": null, "lotsize": null}}, {"type": "Feature", "geometry": {"type": "Polygon", "coordinates": [[[-76.96739370899996, 36.87967055300004], [-76.96739995599995, 36.879657689000055], [-76.96743177699994, 36.87966768000007], [-76.96742550599998, 36.87968053700007], [-76.96739370899996, 36.87967055300004]]]}, "properties": {"id": 466, "status": "available", "plot": "27", "owner": null, "lotsize": null}}, {"type": "Feature", "geometry": {"type": "Polygon", "coordinates": [[[-76.96748693399996, 36.87947857800003], [-76.96749311299999, 36.879465853000056], [-76.96752528099995, 36.87947595500003], [-76.96751907899994, 36.879488672000036], [-76.96748693399996, 36.87947857800003]]]}, "properties": {"id": 467, "status": "available", "plot": "12", "owner": null, "lotsize": null}}, {"type": "Feature", "geometry": {"type": "Polygon", "coordinates": [[[-76.96738120099997, 36.879696308000064], [-76.96738745699997, 36.87968342600004], [-76.96741923099995, 36.87969340200004], [-76.96741295199996, 36.87970627800007], [-76.96738120099997, 36.879696308000064]]]}, "properties": {"id": 468, "status": "available", "plot": "29", "owner": null, "lotsize": null}}, {"type": "Feature", "geometry": {"type": "Polygon", "coordinates": [[[-76.96746836999995, 36.87951680600003], [-76.96747456199995, 36.87950405400005], [-76.96750666099996, 36.87951413400003], [-76.96750044599997, 36.87952688000007], [-76.96746836999995, 36.87951680600003]]]}, "properties": {"id": 469, "status": "available", "plot": "15", "owner": null, "lotsize": null}}, {"type": "Feature", "geometry": {"type": "Polygon", "coordinates": [[[-76.96742489599995, 36.87960632900007], [-76.96743111999996, 36.87959351300003], [-76.96746305799996, 36.87960354000006], [-76.96745681099998, 36.87961635000005], [-76.96742489599995, 36.87960632900007]]]}, "properties": {"id": 470, "status": "available", "plot": "22", "owner": null, "lotsize": null}}, {"type": "Feature", "geometry": {"type": "Polygon", "coordinates": [[[-76.96744355499999, 36.87956790800007], [-76.96744976599996, 36.87955511700005], [-76.96748177199999, 36.879565169000045], [-76.96747553799997, 36.879577950000055], [-76.96744355499999, 36.87956790800007]]]}, "properties": {"id": 471, "status": "available", "plot": "19", "owner": null, "lotsize": null}}, {"type": "Feature", "geometry": {"type": "Polygon", "coordinates": [[[-76.96747456199995, 36.87950405400005], [-76.96748075099998, 36.87949131000005], [-76.96751287199999, 36.87950139900005], [-76.96750666099996, 36.87951413400003], [-76.96747456199995, 36.87950405400005]]]}, "properties": {"id": 472, "status": "available", "plot": "14", "owner": null, "lotsize": null}}, {"type": "Feature", "geometry": {"type": "Polygon", "coordinates": [[[-76.96734131299996, 36.879680525000026], [-76.96734711099998, 36.87966752900007], [-76.96738027899994, 36.87967747600004], [-76.96737444799999, 36.87969046200004], [-76.96734131299996, 36.879680525000026]]]}, "properties": {"id": 473, "status": "available", "plot": "31", "owner": null, "lotsize": null}}, {"type": "Feature", "geometry": {"type": "Polygon", "coordinates": [[[-76.96743905199997, 36.879461399000036], [-76.96744476899994, 36.879448582000066], [-76.96747846999995, 36.879458799000076], [-76.96747276299999, 36.87947151000003], [-76.96743905199997, 36.879461399000036]]]}, "properties": {"id": 474, "status": "available", "plot": "14", "owner": null, "lotsize": null}}, {"type": "Feature", "geometry": {"type": "Polygon", "coordinates": [[[-76.96735868499997, 36.879641578000076], [-76.96736446399996, 36.87962862300003], [-76.96739773399997, 36.87963860200006], [-76.96739192299998, 36.87965154600005], [-76.96735868499997, 36.879641578000076]]]}, "properties": {"id": 475, "status": "available", "plot": "28", "owner": null, "lotsize": null}}, {"type": "Feature", "geometry": {"type": "Polygon", "coordinates": [[[-76.96735290099997, 36.87965454600004], [-76.96735868499997, 36.879641578000076], [-76.96739192299998, 36.87965154600005], [-76.96738610399996, 36.87966450400006], [-76.96735290099997, 36.87965454600004]]]}, "properties": {"id": 476, "status": "available", "plot": "29", "owner": null, "lotsize": null}}, {"type": "Feature", "geometry": {"type": "Polygon", "coordinates": [[[-76.96739900899996, 36.87955117000007], [-76.96740474699999, 36.879538308000065], [-76.96743825699997, 36.87954835800008], [-76.96743248599995, 36.87956121000008], [-76.96739900899996, 36.87955117000007]]]}, "properties": {"id": 477, "status": "available", "plot": "21", "owner": null, "lotsize": null}}, {"type": "Feature", "geometry": {"type": "Polygon", "coordinates": [[[-76.96738751799995, 36.879576936000035], [-76.96739326699998, 36.87956404600004], [-76.96742670899994, 36.87957407500005], [-76.96742092699998, 36.87958695400005], [-76.96738751799995, 36.879576936000035]]]}, "properties": {"id": 478, "status": "available", "plot": "23", "owner": null, "lotsize": null}}, {"type": "Feature", "geometry": {"type": "Polygon", "coordinates": [[[-76.96734131299996, 36.879680525000026], [-76.96737444799999, 36.87969046200004], [-76.96736861199997, 36.87970346100008], [-76.96733551099999, 36.87969353400007], [-76.96734131299996, 36.879680525000026]]]}, "properties": {"id": 479, "status": "available", "plot": "32", "owner": null, "lotsize": null}}, {"type": "Feature", "geometry": {"type": "Polygon", "coordinates": [[[-76.96741620499995, 36.879512619000025], [-76.96742192499994, 36.87949979500007], [-76.96745553599999, 36.87950987600004], [-76.96744978299995, 36.879522690000044], [-76.96741620499995, 36.879512619000025]]]}, "properties": {"id": 480, "status": "available", "plot": "18", "owner": null, "lotsize": null}}, {"type": "Feature", "geometry": {"type": "Polygon", "coordinates": [[[-76.96743334799999, 36.87947418400006], [-76.96743905199997, 36.879461399000036], [-76.96747276299999, 36.87947151000003], [-76.96746702599995, 36.879484285000046], [-76.96743334799999, 36.87947418400006]]]}, "properties": {"id": 481, "status": "available", "plot": "15", "owner": null, "lotsize": null}}, {"type": "Feature", "geometry": {"type": "Polygon", "coordinates": [[[-76.96736446399996, 36.87962862300003], [-76.96737023499998, 36.879615683000054], [-76.96740354199994, 36.87962567000005], [-76.96739773399997, 36.87963860200006], [-76.96736446399996, 36.87962862300003]]]}, "properties": {"id": 482, "status": "available", "plot": "27", "owner": null, "lotsize": null}}, {"type": "Feature", "geometry": {"type": "Polygon", "coordinates": [[[-76.96739326699998, 36.87956404600004], [-76.96739900899996, 36.87955117000007], [-76.96743248599995, 36.87956121000008], [-76.96742670899994, 36.87957407500005], [-76.96739326699998, 36.87956404600004]]]}, "properties": {"id": 483, "status": "available", "plot": "22", "owner": null, "lotsize": null}}, {"type": "Feature", "geometry": {"type": "Polygon", "coordinates": [[[-76.96737600199998, 36.87960275300003], [-76.96738176399998, 36.879589837000026], [-76.96741513699999, 36.879599846000076], [-76.96740934299999, 36.879612751000025], [-76.96737600199998, 36.87960275300003]]]}, "properties": {"id": 484, "status": "available", "plot": "25", "owner": null, "lotsize": null}}, {"type": "Feature", "geometry": {"type": "Polygon", "coordinates": [[[-76.96738176399998, 36.879589837000026], [-76.96738751799995, 36.879576936000035], [-76.96742092699998, 36.87958695400005], [-76.96741513699999, 36.879599846000076], [-76.96738176399998, 36.879589837000026]]]}, "properties": {"id": 485, "status": "available", "plot": "24", "owner": null, "lotsize": null}}, {"type": "Feature", "geometry": {"type": "Polygon", "coordinates": [[[-76.96734711099998, 36.87966752900007], [-76.96735290099997, 36.87965454600004], [-76.96738610399996, 36.87966450400006], [-76.96738027899994, 36.87967747600004], [-76.96734711099998, 36.87966752900007]]]}, "properties": {"id": 486, "status": "available", "plot": "30", "owner": null, "lotsize": null}}, {"type": "Feature", "geometry": {"type": "Polygon", "coordinates": [[[-76.96742763899994, 36.87948698300005], [-76.96743334799999, 36.87947418400006], [-76.96746702599995, 36.879484285000046], [-76.96746128399997, 36.87949707400003], [-76.96742763899994, 36.87948698300005]]]}, "properties": {"id": 487, "status": "available", "plot": "16", "owner": null, "lotsize": null}}, {"type": "Feature", "geometry": {"type": "Polygon", "coordinates": [[[-76.96742192499994, 36.87949979500007], [-76.96742763899994, 36.87948698300005], [-76.96746128399997, 36.87949707400003], [-76.96745553599999, 36.87950987600004], [-76.96742192499994, 36.87949979500007]]]}, "properties": {"id": 488, "status": "available", "plot": "17", "owner": null, "lotsize": null}}, {"type": "Feature", "geometry": {"type": "Polygon", "coordinates": [[[-76.96737023499998, 36.879615683000054], [-76.96737600199998, 36.87960275300003], [-76.96740934299999, 36.879612751000025], [-76.96740354199994, 36.87962567000005], [-76.96737023499998, 36.879615683000054]]]}, "properties": {"id": 489, "status": "available", "plot": "26", "owner": null, "lotsize": null}}, {"type": "Feature", "geometry": {"type": "Polygon", "coordinates": [[[-76.96741047899997, 36.87952545700006], [-76.96741620499995, 36.879512619000025], [-76.96744978299995, 36.879522690000044], [-76.96744402299998, 36.87953551800007], [-76.96741047899997, 36.87952545700006]]]}, "properties": {"id": 490, "status": "available", "plot": "19", "owner": null, "lotsize": null}}, {"type": "Feature", "geometry": {"type": "Polygon", "coordinates": [[[-76.96740474699999, 36.879538308000065], [-76.96741047899997, 36.87952545700006], [-76.96744402299998, 36.87953551800007], [-76.96743825699997, 36.87954835800008], [-76.96740474699999, 36.879538308000065]]]}, "properties": {"id": 491, "status": "available", "plot": "20", "owner": null, "lotsize": null}}, {"type": "Feature", "geometry": {"type": "Polygon", "coordinates": [[[-76.96736815799994, 36.87953969900008], [-76.96737412699997, 36.87952624900004], [-76.96740499599997, 36.87953577900004], [-76.96739914599993, 36.879549266000026], [-76.96736815799994, 36.87953969900008]]]}, "properties": {"id": 492, "status": "available", "plot": "21", "owner": null, "lotsize": null}}, {"type": "Feature", "geometry": {"type": "Polygon", "coordinates": [[[-76.96737412699997, 36.87952624900004], [-76.96738004299993, 36.87951291600007], [-76.96741093799994, 36.87952208000007], [-76.96740499599997, 36.87953577900004], [-76.96737412699997, 36.87952624900004]]]}, "properties": {"id": 493, "status": "available", "plot": "20", "owner": null, "lotsize": null}}, {"type": "Feature", "geometry": {"type": "Polygon", "coordinates": [[[-76.96736221299994, 36.87955309600005], [-76.96736815799994, 36.87953969900008], [-76.96739914599993, 36.879549266000026], [-76.96739331999999, 36.879562699000076], [-76.96736221299994, 36.87955309600005]]]}, "properties": {"id": 494, "status": "available", "plot": "22", "owner": null, "lotsize": null}}, {"type": "Feature", "geometry": {"type": "Polygon", "coordinates": [[[-76.96735039099997, 36.879579739000064], [-76.96735628999994, 36.879566443000044], [-76.96738751599997, 36.87957608200003], [-76.96738173299997, 36.879589413000076], [-76.96735039099997, 36.879579739000064]]]}, "properties": {"id": 495, "status": "available", "plot": "24", "owner": null, "lotsize": null}}, {"type": "Feature", "geometry": {"type": "Polygon", "coordinates": [[[-76.96734451199995, 36.879592984000055], [-76.96735039099997, 36.879579739000064], [-76.96738173299997, 36.879589413000076], [-76.96737597199996, 36.87960269600006], [-76.96734451199995, 36.879592984000055]]]}, "properties": {"id": 496, "status": "available", "plot": "25", "owner": null, "lotsize": null}}, {"type": "Feature", "geometry": {"type": "Polygon", "coordinates": [[[-76.96732121299993, 36.87964548700006], [-76.96732700499996, 36.87963243400003], [-76.96735881399997, 36.87964225300004], [-76.96735313799996, 36.879655342000035], [-76.96732121299993, 36.87964548700006]]]}, "properties": {"id": 497, "status": "available", "plot": "29", "owner": null, "lotsize": null}}, {"type": "Feature", "geometry": {"type": "Polygon", "coordinates": [[[-76.96735628999994, 36.879566443000044], [-76.96736221299994, 36.87955309600005], [-76.96739331999999, 36.879562699000076], [-76.96738751599997, 36.87957608200003], [-76.96735628999994, 36.879566443000044]]]}, "properties": {"id": 498, "status": "available", "plot": "23", "owner": null, "lotsize": null}}, {"type": "Feature", "geometry": {"type": "Polygon", "coordinates": [[[-76.96731544199997, 36.87965849300008], [-76.96734748099993, 36.87966838400007], [-76.96734184399998, 36.87968137900003], [-76.96730969099997, 36.87967145300007], [-76.96731544199997, 36.87965849300008]]]}, "properties": {"id": 499, "status": "available", "plot": "31", "owner": null, "lotsize": null}}, {"type": "Feature", "geometry": {"type": "Polygon", "coordinates": [[[-76.96731544199997, 36.87965849300008], [-76.96732121299993, 36.87964548700006], [-76.96735313799996, 36.879655342000035], [-76.96734748099993, 36.87966838400007], [-76.96731544199997, 36.87965849300008]]]}, "properties": {"id": 500, "status": "available", "plot": "30", "owner": null, "lotsize": null}}, {"type": "Feature", "geometry": {"type": "Polygon", "coordinates": [[[-76.96732700499996, 36.87963243400003], [-76.96733281999997, 36.87961933200006], [-76.96736451199996, 36.87962911600005], [-76.96735881399997, 36.87964225300004], [-76.96732700499996, 36.87963243400003]]]}, "properties": {"id": 501, "status": "available", "plot": "28", "owner": null, "lotsize": null}}, {"type": "Feature", "geometry": {"type": "Polygon", "coordinates": [[[-76.96733281999997, 36.87961933200006], [-76.96733865499993, 36.87960618300008], [-76.96737023199995, 36.879615931000046], [-76.96736451199996, 36.87962911600005], [-76.96733281999997, 36.87961933200006]]]}, "properties": {"id": 502, "status": "available", "plot": "27", "owner": null, "lotsize": null}}, {"type": "Feature", "geometry": {"type": "Polygon", "coordinates": [[[-76.96733865499993, 36.87960618300008], [-76.96734451199995, 36.879592984000055], [-76.96737597199996, 36.87960269600006], [-76.96737023199995, 36.879615931000046], [-76.96733865499993, 36.87960618300008]]]}, "properties": {"id": 503, "status": "available", "plot": "26", "owner": null, "lotsize": null}}, {"type": "Feature", "geometry": {"type": "Polygon", "coordinates": [[[-76.96732928899996, 36.87946363400005], [-76.96732356899997, 36.87947661000004], [-76.96729130899996, 36.87946716600004], [-76.96729702999994, 36.879454192000026], [-76.96732928899996, 36.87946363400005]]]}, "properties": {"id": 504, "status": "available", "plot": "14", "owner": null, "lotsize": null}}, {"type": "Feature", "geometry": {"type": "Polygon", "coordinates": [[[-76.96733489399998, 36.87945062700004], [-76.96732917499997, 36.879463601000054], [-76.96729702999994, 36.879454192000026], [-76.96730279099995, 36.87944112800005], [-76.96733489399998, 36.87945062700004]]]}, "properties": {"id": 505, "status": "available", "plot": "13", "owner": null, "lotsize": null}}, {"type": "Feature", "geometry": {"type": "Polygon", "coordinates": [[[-76.96728927299995, 36.879554436000035], [-76.96728355699997, 36.87956740100003], [-76.96725127699995, 36.87955795400006], [-76.96725699399997, 36.87954498800008], [-76.96728927299995, 36.879554436000035]]]}, "properties": {"id": 506, "status": "available", "plot": "21", "owner": null, "lotsize": null}}, {"type": "Feature", "geometry": {"type": "Polygon", "coordinates": [[[-76.96730069899996, 36.879528497000024], [-76.96730641599999, 36.87951552900006], [-76.96733868499996, 36.87952497400005], [-76.96733297199995, 36.87953794300006], [-76.96730069899996, 36.879528497000024]]]}, "properties": {"id": 507, "status": "available", "plot": "17", "owner": null, "lotsize": null}}, {"type": "Feature", "geometry": {"type": "Polygon", "coordinates": [[[-76.96729498599996, 36.879541467000024], [-76.96730070499996, 36.87952849900006], [-76.96733297199995, 36.87953794300006], [-76.96732725899994, 36.87955091400005], [-76.96729498599996, 36.879541467000024]]]}, "properties": {"id": 508, "status": "available", "plot": "18", "owner": null, "lotsize": null}}, {"type": "Feature", "geometry": {"type": "Polygon", "coordinates": [[[-76.96728926799994, 36.879554435000045], [-76.96729498499997, 36.879541467000024], [-76.96732725899994, 36.87955091400005], [-76.96732154699998, 36.87956388200007], [-76.96728926799994, 36.879554435000045]]]}, "properties": {"id": 509, "status": "available", "plot": "19", "owner": null, "lotsize": null}}, {"type": "Feature", "geometry": {"type": "Polygon", "coordinates": [[[-76.96731213599998, 36.87950255800007], [-76.96730641599999, 36.87951552900006], [-76.96727414999998, 36.87950608400007], [-76.96727986899998, 36.87949311300008], [-76.96731213599998, 36.87950255800007]]]}, "properties": {"id": 510, "status": "available", "plot": "17", "owner": null, "lotsize": null}}, {"type": "Feature", "geometry": {"type": "Polygon", "coordinates": [[[-76.96727784099994, 36.87958036800006], [-76.96728355799996, 36.87956740100003], [-76.96731583499997, 36.879576850000035], [-76.96731012399994, 36.87958981700007], [-76.96727784099994, 36.87958036800006]]]}, "properties": {"id": 511, "status": "available", "plot": "21", "owner": null, "lotsize": null}}, {"type": "Feature", "geometry": {"type": "Polygon", "coordinates": [[[-76.96731785099996, 36.879489583000066], [-76.96732356899997, 36.87947661000004], [-76.96735582799994, 36.87948605300005], [-76.96735011399994, 36.879499027000065], [-76.96731785099996, 36.879489583000066]]]}, "properties": {"id": 512, "status": "available", "plot": "14", "owner": null, "lotsize": null}}, {"type": "Feature", "geometry": {"type": "Polygon", "coordinates": [[[-76.96731785199995, 36.879489584000055], [-76.96731213299995, 36.87950255700008], [-76.96727986899998, 36.87949311300008], [-76.96728558899997, 36.879480140000055], [-76.96731785199995, 36.879489584000055]]]}, "properties": {"id": 513, "status": "available", "plot": "16", "owner": null, "lotsize": null}}, {"type": "Feature", "geometry": {"type": "Polygon", "coordinates": [[[-76.96732917499997, 36.879463601000054], [-76.96733489399998, 36.87945062700004], [-76.96736721999997, 36.87946019100008], [-76.96736154399997, 36.87947307500008], [-76.96732917499997, 36.879463601000054]]]}, "properties": {"id": 514, "status": "available", "plot": "12", "owner": null, "lotsize": null}}, {"type": "Feature", "geometry": {"type": "Polygon", "coordinates": [[[-76.96732356899997, 36.87947661000004], [-76.96732928899996, 36.87946363400005], [-76.96736154399997, 36.87947307500008], [-76.96735582799994, 36.87948605300005], [-76.96732356899997, 36.87947661000004]]]}, "properties": {"id": 515, "status": "available", "plot": "13", "owner": null, "lotsize": null}}, {"type": "Feature", "geometry": {"type": "Polygon", "coordinates": [[[-76.96732356899997, 36.87947661000004], [-76.96731785099996, 36.879489583000066], [-76.96728558899997, 36.879480140000055], [-76.96729130899996, 36.87946716600004], [-76.96732356899997, 36.87947661000004]]]}, "properties": {"id": 516, "status": "available", "plot": "15", "owner": null, "lotsize": null}}, {"type": "Feature", "geometry": {"type": "Polygon", "coordinates": [[[-76.96731213299995, 36.87950255700008], [-76.96731785199995, 36.879489584000055], [-76.96735011399994, 36.879499027000065], [-76.96734439999994, 36.87951200100008], [-76.96731213299995, 36.87950255700008]]]}, "properties": {"id": 517, "status": "available", "plot": "15", "owner": null, "lotsize": null}}, {"type": "Feature", "geometry": {"type": "Polygon", "coordinates": [[[-76.96730641599999, 36.87951552900006], [-76.96731213599998, 36.87950255800007], [-76.96734439999994, 36.87951200100008], [-76.96733868499996, 36.87952497400005], [-76.96730641599999, 36.87951552900006]]]}, "properties": {"id": 518, "status": "available", "plot": "16", "owner": null, "lotsize": null}}, {"type": "Feature", "geometry": {"type": "Polygon", "coordinates": [[[-76.96730641599999, 36.87951552900006], [-76.96730069899996, 36.879528497000024], [-76.96726843199997, 36.879519053000024], [-76.96727414999998, 36.87950608400007], [-76.96730641599999, 36.87951552900006]]]}, "properties": {"id": 519, "status": "available", "plot": "18", "owner": null, "lotsize": null}}, {"type": "Feature", "geometry": {"type": "Polygon", "coordinates": [[[-76.96730070499996, 36.87952849900006], [-76.96729498599996, 36.879541467000024], [-76.96726271399996, 36.879532020000056], [-76.96726843199997, 36.879519053000024], [-76.96730070499996, 36.87952849900006]]]}, "properties": {"id": 520, "status": "available", "plot": "19", "owner": null, "lotsize": null}}, {"type": "Feature", "geometry": {"type": "Polygon", "coordinates": [[[-76.96729498499997, 36.879541467000024], [-76.96728926799994, 36.879554435000045], [-76.96725699399997, 36.87954498800008], [-76.96726271399996, 36.879532020000056], [-76.96729498499997, 36.879541467000024]]]}, "properties": {"id": 521, "status": "available", "plot": "20", "owner": null, "lotsize": null}}, {"type": "Feature", "geometry": {"type": "Polygon", "coordinates": [[[-76.96728355699997, 36.87956740100003], [-76.96728927299995, 36.879554436000035], [-76.96732154699998, 36.87956388200007], [-76.96731583499997, 36.879576850000035], [-76.96728355699997, 36.87956740100003]]]}, "properties": {"id": 522, "status": "available", "plot": "20", "owner": null, "lotsize": null}}, {"type": "Feature", "geometry": {"type": "Polygon", "coordinates": [[[-76.96728355799996, 36.87956740100003], [-76.96727784099994, 36.87958036800006], [-76.96724556099997, 36.87957091900006], [-76.96725127699995, 36.87955795400006], [-76.96728355799996, 36.87956740100003]]]}, "properties": {"id": 523, "status": "available", "plot": "22", "owner": null, "lotsize": null}}, {"type": "Feature", "geometry": {"type": "Polygon", "coordinates": [[[-76.96726704399998, 36.879404720000025], [-76.96727298199994, 36.87939142300007], [-76.96731151699998, 36.87940298900003], [-76.96730600599994, 36.87941580900008], [-76.96726704399998, 36.879404720000025]]]}, "properties": {"id": 524, "status": "available", "plot": "16", "owner": null, "lotsize": null}}, {"type": "Feature", "geometry": {"type": "Polygon", "coordinates": [[[-76.96722150699998, 36.87950669300005], [-76.96722710399996, 36.87949415800006], [-76.96726740499997, 36.87950562800006], [-76.96726199499994, 36.879518216000065], [-76.96722150699998, 36.87950669300005]]]}, "properties": {"id": 525, "status": "available", "plot": "24", "owner": null, "lotsize": null}}, {"type": "Feature", "geometry": {"type": "Polygon", "coordinates": [[[-76.96726125499998, 36.87941768300004], [-76.96726704399998, 36.879404720000025], [-76.96730600599994, 36.87941580900008], [-76.96730041099994, 36.87942882800007], [-76.96726125499998, 36.87941768300004]]]}, "properties": {"id": 526, "status": "available", "plot": "17", "owner": null, "lotsize": null}}, {"type": "Feature", "geometry": {"type": "Polygon", "coordinates": [[[-76.96725549499996, 36.879430583000044], [-76.96726125499998, 36.87941768300004], [-76.96730041099994, 36.87942882800007], [-76.96729484399998, 36.87944178200007], [-76.96725549499996, 36.879430583000044]]]}, "properties": {"id": 527, "status": "available", "plot": "18", "owner": null, "lotsize": null}}, {"type": "Feature", "geometry": {"type": "Polygon", "coordinates": [[[-76.96724405699996, 36.879456197000025], [-76.96724976199994, 36.87944342000003], [-76.96728930199998, 36.879454674000044], [-76.96728378899996, 36.87946750300006], [-76.96724405699996, 36.879456197000025]]]}, "properties": {"id": 528, "status": "available", "plot": "20", "owner": null, "lotsize": null}}, {"type": "Feature", "geometry": {"type": "Polygon", "coordinates": [[[-76.96723837899998, 36.87946891000007], [-76.96724405699996, 36.879456197000025], [-76.96728378899996, 36.87946750300006], [-76.96727830199995, 36.87948027200008], [-76.96723837899998, 36.87946891000007]]]}, "properties": {"id": 529, "status": "available", "plot": "21", "owner": null, "lotsize": null}}, {"type": "Feature", "geometry": {"type": "Polygon", "coordinates": [[[-76.96722150699998, 36.87950669300005], [-76.96726199499994, 36.879518216000065], [-76.96725660999994, 36.87953074600006], [-76.96721593399997, 36.87951917000004], [-76.96722150699998, 36.87950669300005]]]}, "properties": {"id": 530, "status": "available", "plot": "25", "owner": null, "lotsize": null}}, {"type": "Feature", "geometry": {"type": "Polygon", "coordinates": [[[-76.96723272799994, 36.87948156400006], [-76.96723837899998, 36.87946891000007], [-76.96727830199995, 36.87948027200008], [-76.96727284099995, 36.879492980000066], [-76.96723272799994, 36.87948156400006]]]}, "properties": {"id": 531, "status": "available", "plot": "22", "owner": null, "lotsize": null}}, {"type": "Feature", "geometry": {"type": "Polygon", "coordinates": [[[-76.96722710399996, 36.87949415800006], [-76.96723272799994, 36.87948156400006], [-76.96727284099995, 36.879492980000066], [-76.96726740499997, 36.87950562800006], [-76.96722710399996, 36.87949415800006]]]}, "properties": {"id": 532, "status": "available", "plot": "23", "owner": null, "lotsize": null}}, {"type": "Feature", "geometry": {"type": "Polygon", "coordinates": [[[-76.96724976199994, 36.87944342000003], [-76.96725549499996, 36.879430583000044], [-76.96729484399998, 36.87944178200007], [-76.96728930199998, 36.879454674000044], [-76.96724976199994, 36.87944342000003]]]}, "properties": {"id": 533, "status": "available", "plot": "19", "owner": null, "lotsize": null}}, {"type": "Feature", "geometry": {"type": "Polygon", "coordinates": [[[-76.96722144799998, 36.87940198200005], [-76.96722719499996, 36.879388970000036], [-76.96725966599996, 36.879398336000065], [-76.96725369899997, 36.87941128400007], [-76.96722144799998, 36.87940198200005]]]}, "properties": {"id": 534, "status": "available", "plot": "16", "owner": null, "lotsize": null}}, {"type": "Feature", "geometry": {"type": "Polygon", "coordinates": [[[-76.96722719499996, 36.879388970000036], [-76.96723289999994, 36.87937604800004], [-76.96726559099994, 36.87938547700003], [-76.96725966599996, 36.879398336000065], [-76.96722719499996, 36.879388970000036]]]}, "properties": {"id": 535, "status": "available", "plot": "15", "owner": null, "lotsize": null}}, {"type": "Feature", "geometry": {"type": "Polygon", "coordinates": [[[-76.96720983799997, 36.87942827300003], [-76.96721566299993, 36.87941508100005], [-76.96724769199994, 36.879424321000045], [-76.96724164399996, 36.879437446000054], [-76.96720983799997, 36.87942827300003]]]}, "properties": {"id": 536, "status": "available", "plot": "18", "owner": null, "lotsize": null}}, {"type": "Feature", "geometry": {"type": "Polygon", "coordinates": [[[-76.96723856999995, 36.879363212000044], [-76.96724420099997, 36.87935045900008], [-76.96727732499994, 36.87936001300005], [-76.96727147699994, 36.87937270300006], [-76.96723856999995, 36.879363212000044]]]}, "properties": {"id": 537, "status": "available", "plot": "13", "owner": null, "lotsize": null}}, {"type": "Feature", "geometry": {"type": "Polygon", "coordinates": [[[-76.96724979599998, 36.87933778900003], [-76.96725535599995, 36.87932519900005], [-76.96728890799994, 36.879334878000066], [-76.96728313599993, 36.879347403000054], [-76.96724979599998, 36.87933778900003]]]}, "properties": {"id": 538, "status": "available", "plot": "11", "owner": null, "lotsize": null}}, {"type": "Feature", "geometry": {"type": "Polygon", "coordinates": [[[-76.96721566299993, 36.87941508100005], [-76.96722144799998, 36.87940198200005], [-76.96725369899997, 36.87941128400007], [-76.96724769199994, 36.879424321000045], [-76.96721566299993, 36.87941508100005]]]}, "properties": {"id": 539, "status": "available", "plot": "17", "owner": null, "lotsize": null}}, {"type": "Feature", "geometry": {"type": "Polygon", "coordinates": [[[-76.96719210999998, 36.879468417000055], [-76.96719806099998, 36.87945494100006], [-76.96722941499996, 36.87946398400004], [-76.96722323499995, 36.87947739600003], [-76.96719210999998, 36.879468417000055]]]}, "properties": {"id": 540, "status": "available", "plot": "21", "owner": null, "lotsize": null}}, {"type": "Feature", "geometry": {"type": "Polygon", "coordinates": [[[-76.96725535599995, 36.87932519900005], [-76.96726087999997, 36.87931269000006], [-76.96729464399994, 36.87932242900007], [-76.96728890799994, 36.879334878000066], [-76.96725535599995, 36.87932519900005]]]}, "properties": {"id": 541, "status": "available", "plot": "10", "owner": null, "lotsize": null}}, {"type": "Feature", "geometry": {"type": "Polygon", "coordinates": [[[-76.96724420099997, 36.87935045900008], [-76.96724979599998, 36.87933778900003], [-76.96728313599993, 36.879347403000054], [-76.96727732499994, 36.87936001300005], [-76.96724420099997, 36.87935045900008]]]}, "properties": {"id": 542, "status": "available", "plot": "12", "owner": null, "lotsize": null}}, {"type": "Feature", "geometry": {"type": "Polygon", "coordinates": [[[-76.96723289999994, 36.87937604800004], [-76.96723856999995, 36.879363212000044], [-76.96727147699994, 36.87937270300006], [-76.96726559099994, 36.87938547700003], [-76.96723289999994, 36.87937604800004]]]}, "properties": {"id": 543, "status": "available", "plot": "14", "owner": null, "lotsize": null}}, {"type": "Feature", "geometry": {"type": "Polygon", "coordinates": [[[-76.96719806099998, 36.87945494100006], [-76.96720397099995, 36.87944156000003], [-76.96723555099999, 36.87945066800006], [-76.96722941499996, 36.87946398400004], [-76.96719806099998, 36.87945494100006]]]}, "properties": {"id": 544, "status": "available", "plot": "20", "owner": null, "lotsize": null}}, {"type": "Feature", "geometry": {"type": "Polygon", "coordinates": [[[-76.96719210999998, 36.879468417000055], [-76.96722323499995, 36.87947739600003], [-76.96721700899997, 36.87949090700005], [-76.96718611399996, 36.87948199600004], [-76.96719210999998, 36.879468417000055]]]}, "properties": {"id": 545, "status": "available", "plot": "22", "owner": null, "lotsize": null}}, {"type": "Feature", "geometry": {"type": "Polygon", "coordinates": [[[-76.96726087999997, 36.87931269000006], [-76.96726650799997, 36.87929994500007], [-76.96730020099994, 36.87931037000004], [-76.96729464399994, 36.87932242900007], [-76.96726087999997, 36.87931269000006]]]}, "properties": {"id": 546, "status": "available", "plot": "9", "owner": null, "lotsize": null}}, {"type": "Feature", "geometry": {"type": "Polygon", "coordinates": [[[-76.96720397099995, 36.87944156000003], [-76.96720983799997, 36.87942827300003], [-76.96724164399996, 36.879437446000054], [-76.96723555099999, 36.87945066800006], [-76.96720397099995, 36.87944156000003]]]}, "properties": {"id": 547, "status": "available", "plot": "19", "owner": null, "lotsize": null}}, {"type": "Feature", "geometry": {"type": "Polygon", "coordinates": [[[-76.96722752199997, 36.87928667600005], [-76.96723343299999, 36.87927367200007], [-76.96726538099995, 36.879282886000055], [-76.96725942499995, 36.879295866000064], [-76.96722752199997, 36.87928667600005]]]}, "properties": {"id": 548, "status": "available", "plot": "8", "owner": null, "lotsize": null}}, {"type": "Feature", "geometry": {"type": "Polygon", "coordinates": [[[-76.96725697499994, 36.879221888000075], [-76.96726332899993, 36.87920791400006], [-76.96729453299997, 36.87921935900005], [-76.96728911899999, 36.87923115800004], [-76.96725697499994, 36.879221888000075]]]}, "properties": {"id": 549, "status": "available", "plot": "3", "owner": null, "lotsize": null}}, {"type": "Feature", "geometry": {"type": "Polygon", "coordinates": [[[-76.96722160799999, 36.879299684000046], [-76.96722752199997, 36.87928667600005], [-76.96725942499995, 36.879295866000064], [-76.96725345799996, 36.879308870000045], [-76.96722160799999, 36.879299684000046]]]}, "properties": {"id": 550, "status": "available", "plot": "9", "owner": null, "lotsize": null}}, {"type": "Feature", "geometry": {"type": "Polygon", "coordinates": [[[-76.96716192699995, 36.87943096200007], [-76.96719327999995, 36.87944000600004], [-76.96718680199996, 36.87945412200003], [-76.96718680399994, 36.879453108000064], [-76.96715590999997, 36.879444199000034], [-76.96716192699995, 36.87943096200007]]]}, "properties": {"id": 551, "status": "available", "plot": "21", "owner": null, "lotsize": null}}, {"type": "Feature", "geometry": {"type": "Polygon", "coordinates": [[[-76.96717992999999, 36.879391362000035], [-76.96718591199993, 36.87937820500008], [-76.96721746499998, 36.879387303000044], [-76.96721143299999, 36.87940044700008], [-76.96717992999999, 36.879391362000035]]]}, "properties": {"id": 552, "status": "available", "plot": "17", "owner": null, "lotsize": null}}, {"type": "Feature", "geometry": {"type": "Polygon", "coordinates": [[[-76.96719784799996, 36.87935194900007], [-76.96720380099998, 36.879338853000036], [-76.96723550299998, 36.87934799400006], [-76.96722949999997, 36.879361078000045], [-76.96719784799996, 36.87935194900007]]]}, "properties": {"id": 553, "status": "available", "plot": "13", "owner": null, "lotsize": null}}, {"type": "Feature", "geometry": {"type": "Polygon", "coordinates": [[[-76.96719188499998, 36.87936506600005], [-76.96719784799996, 36.87935194900007], [-76.96722949999997, 36.879361078000045], [-76.96722348799995, 36.879374179000024], [-76.96719188499998, 36.87936506600005]]]}, "properties": {"id": 554, "status": "available", "plot": "14", "owner": null, "lotsize": null}}, {"type": "Feature", "geometry": {"type": "Polygon", "coordinates": [[[-76.96716793699994, 36.879417741000054], [-76.96717393899996, 36.87940454200003], [-76.96720539199998, 36.879413612000064], [-76.96719933999998, 36.879426798000054], [-76.96716793699994, 36.879417741000054]]]}, "properties": {"id": 555, "status": "available", "plot": "19", "owner": null, "lotsize": null}}, {"type": "Feature", "geometry": {"type": "Polygon", "coordinates": [[[-76.96725110399996, 36.87923480400008], [-76.96725697499994, 36.879221888000075], [-76.96728911899999, 36.87923115800004], [-76.96728319799996, 36.879244060000076], [-76.96725110399996, 36.87923480400008]]]}, "properties": {"id": 556, "status": "available", "plot": "4", "owner": null, "lotsize": null}}, {"type": "Feature", "geometry": {"type": "Polygon", "coordinates": [[[-76.96717393899996, 36.87940454200003], [-76.96717992999999, 36.879391362000035], [-76.96721143299999, 36.87940044700008], [-76.96720539199998, 36.879413612000064], [-76.96717393899996, 36.87940454200003]]]}, "properties": {"id": 557, "status": "available", "plot": "18", "owner": null, "lotsize": null}}, {"type": "Feature", "geometry": {"type": "Polygon", "coordinates": [[[-76.96721568299995, 36.87931272000003], [-76.96722160799999, 36.879299684000046], [-76.96725345799996, 36.879308870000045], [-76.96724748299994, 36.879321891000075], [-76.96721568299995, 36.87931272000003]]]}, "properties": {"id": 558, "status": "available", "plot": "10", "owner": null, "lotsize": null}}, {"type": "Feature", "geometry": {"type": "Polygon", "coordinates": [[[-76.96716192699995, 36.87943096200007], [-76.96716793699994, 36.879417741000054], [-76.96719933999998, 36.879426798000054], [-76.96719327999995, 36.87944000600004], [-76.96716192699995, 36.87943096200007]]]}, "properties": {"id": 559, "status": "available", "plot": "20", "owner": null, "lotsize": null}}, {"type": "Feature", "geometry": {"type": "Polygon", "coordinates": [[[-76.96723933299995, 36.879260696000074], [-76.96724522199997, 36.87924774100003], [-76.96727726899996, 36.87925698200007], [-76.96727132899997, 36.87926992400003], [-76.96723933299995, 36.879260696000074]]]}, "properties": {"id": 560, "status": "available", "plot": "6", "owner": null, "lotsize": null}}, {"type": "Feature", "geometry": {"type": "Polygon", "coordinates": [[[-76.96720380099998, 36.879338853000036], [-76.96720974699997, 36.87932577600003], [-76.96724149699997, 36.87933493300005], [-76.96723550299998, 36.87934799400006], [-76.96720380099998, 36.879338853000036]]]}, "properties": {"id": 561, "status": "available", "plot": "12", "owner": null, "lotsize": null}}, {"type": "Feature", "geometry": {"type": "Polygon", "coordinates": [[[-76.96724522199997, 36.87924774100003], [-76.96725110399996, 36.87923480400008], [-76.96728319799996, 36.879244060000076], [-76.96727726899996, 36.87925698200007], [-76.96724522199997, 36.87924774100003]]]}, "properties": {"id": 562, "status": "available", "plot": "5", "owner": null, "lotsize": null}}, {"type": "Feature", "geometry": {"type": "Polygon", "coordinates": [[[-76.96723343299999, 36.87927367200007], [-76.96723933299995, 36.879260696000074], [-76.96727132899997, 36.87926992400003], [-76.96726538099995, 36.879282886000055], [-76.96723343299999, 36.87927367200007]]]}, "properties": {"id": 563, "status": "available", "plot": "7", "owner": null, "lotsize": null}}, {"type": "Feature", "geometry": {"type": "Polygon", "coordinates": [[[-76.96720974699997, 36.87932577600003], [-76.96721568299995, 36.87931272000003], [-76.96724748299994, 36.879321891000075], [-76.96724149699997, 36.87933493300005], [-76.96720974699997, 36.87932577600003]]]}, "properties": {"id": 564, "status": "available", "plot": "11", "owner": null, "lotsize": null}}, {"type": "Feature", "geometry": {"type": "Polygon", "coordinates": [[[-76.96718591199993, 36.87937820500008], [-76.96719188499998, 36.87936506600005], [-76.96722348799995, 36.879374179000024], [-76.96721746499998, 36.879387303000044], [-76.96718591199993, 36.87937820500008]]]}, "properties": {"id": 565, "status": "available", "plot": "16", "owner": null, "lotsize": null}}]}